accession,gene_name,source_ligase,has_dsgxxs_motif,dsgxxs_count,max_disorder_score,mean_plddt,mutation_count,ptm_count
P46527,CDKN1B,SKP2,0,0,0.9577,69.23,65,8
P31749,AKT1,SKP2,0,0,0.8235,83.05,113,14
P38936,CDKN1A,SKP2,0,0,0.9503,69.0,107,8
P49918,CDKN1C,SKP2,0,0,0.9879,62.75,5,2
P28749,RBL2,SKP2,0,0,0.7951,71.73,183,21
P17028,TOB1,SKP2,0,0,0.8828,66.15,55,1
Q12778,FOXO1,SKP2,0,0,0.9807,50.96,101,22
P01106,MYC,SKP2,0,0,0.977,60.41,88,27
P24864,CCNE1,SKP2,0,0,0.9269,79.53,79,5
P20248,CCNA2,SKP2,0,0,0.9308,73.07,61,3
P24385,CCND1,SKP2,0,0,0.9081,87.32,74,3
Q01094,E2F1,SKP2,0,0,0.9433,62.03,79,8
Q9H211,CDT1,SKP2,0,0,0.9693,73.38,82,6
Q13415,ORC1,SKP2,0,0,0.9106,67.37,152,12
Q9NS23,RASSF1,SKP2,0,0,0.8462,71.72,44,3
P51587,BRCA2,SKP2,1,1,0.8792,,679,10
P10244,MYBL2,SKP2,0,0,0.9547,56.9,133,28
Q53EL6,PDCD4,SKP2,0,0,0.8279,76.56,89,13
Q15831,STK11,SKP2,0,0,0.8828,78.79,170,18
O75874,IDH1,SKP2,0,0,,95.85,555,10
P48735,IDH2,SKP2,0,0,,91.87,113,29
O60346,PHLPP1,SKP2,0,0,0.9913,64.44,198,3
Q9H2X6,HIPK2,FBXO3,0,0,0.8942,52.4,192,26
Q09472,EP300,FBXO3,0,0,0.9933,53.24,541,32
Q9HCE7,SMURF1,FBXO3,0,0,0.9346,73.28,133,3
Q13118,KLF10,FBXW7,0,0,0.805,49.85,83,2
P42345,MTOR,FBXW7,0,0,0.9415,77.97,471,13
P11388,TOP2A,FBXW7,0,0,0.9396,74.87,221,80
P17275,JUNB,FBXW7,0,0,0.9287,59.53,32,15
Q9H1I8,ASCC2,FBXW7,0,0,0.9711,77.37,123,4
P04150,NR3C1,FBXW7,0,0,0.9287,59.6,140,24
O96020,CCNE2,FBXW7,0,0,0.9415,77.52,69,4
P04198,MYCN,FBXW7,0,0,0.986,60.15,90,3
Q14494,NFE2L1,FBXW7,0,0,0.9211,54.82,111,2
P49715,CEBPA,FBXW7,0,0,0.9905,61.7,32,6
Q06124,PTPN11,FBXW7,0,0,0.8125,85.94,145,5
Q9UHV7,MED13,FBXW7,0,0,0.9693,57.04,390,8
P06733,ENO1,FBXW7,0,0,0.5382,97.61,72,36
P24864,CCNE1,FBXW7,0,0,0.9269,79.53,79,5
Q07820,MCL1,FBXW7,0,0,0.9756,63.63,34,9
O14965,AURKA,FBXW7,0,0,0.9433,75.03,47,6
P04637,TP53,FBXW7,0,0,0.9875,75.05,4225,36
Q00653,NFKB2,FBXW7,0,0,0.9792,74.91,115,10
P17861,XBP1,FBXW7,0,0,0.8623,68.29,30,2
P17947,SPI1,FBXW7,0,0,0.9593,65.49,60,2
Q9H0K1,SIK2,FBXW7,0,0,0.9927,57.8,137,6
Q71F56,MED13L,FBXW7,0,0,0.9703,55.82,375,6
Q99848,EBNA1BP2,FBXW7,0,0,0.9684,75.18,55,12
P52630,STAT2,FBXW7,0,0,0.9106,77.82,128,6
Q16665,HIF1A,FBXW7,0,0,0.9873,60.75,122,17
Q9Y6Q9,NCOA3,FBXW7,0,0,0.9606,48.22,244,18
Q16204,CCDC6,FBXW7,0,0,0.9905,73.75,103,14
P15056,BRAF,FBXW7,0,0,0.9606,66.39,777,15
Q00613,HSF1,FBXW7,0,0,0.9896,61.3,75,33
Q13950,RUNX2,FBXW7,0,0,0.9519,58.62,109,4
Q70SY1,CREB3L2,FBXW7,0,0,0.9649,55.52,88,3
O95863,SNAI1,FBXW7,1,1,0.9593,57.64,56,15
Q9NRI5,DISC1,FBXW7,0,0,0.9249,63.24,179,1
Q15583,TGIF1,FBXW7,0,0,0.9151,58.1,73,0
Q9UBK2,PPARGC1A,FBXW7,0,0,0.9807,52.74,227,15
P49716,CEBPD,FBXW7,0,0,0.9916,65.13,6,2
P05412,JUN,FBXW7,0,0,0.9783,61.24,47,19
P46531,NOTCH1,FBXW7,0,0,0.9756,59.6,524,4
Q12772,SREBF2,FBXW7,0,0,0.9621,61.88,162,3
P02765,AHSG,FBXW7,0,0,0.923,76.14,91,7
Q8WUI4,HDAC7,FBXW7,0,0,0.9849,62.89,123,12
Q99062,CSF3R,FBXW7,0,0,0.8493,73.68,168,0
P01106,MYC,FBXW7,0,0,0.977,60.41,88,27
Q96GD4,AURKB,FBXW7,0,0,0.7843,78.82,55,6
O60315,ZEB2,FBXW7,0,0,0.9892,48.16,382,22
Q15233,NONO,FBXW7,0,0,0.9928,76.76,137,24
Q9Y2Y9,KLF13,FBXW7,0,0,0.9664,58.07,22,5
P49768,PSEN1,FBXW7,0,0,0.9433,72.14,74,5
Q13490,BIRC2,FBXW7,0,0,0.8765,76.6,89,0
P48436,SOX9,FBXW7,0,0,0.9928,55.97,170,3
Q14494,NRF1,FBXW7,0,0,0.9211,54.82,81,2
Q9H3D4,TP63,FBXW7,0,0,0.9057,63.19,294,1
P36956,SREBF1,FBXW7,0,0,0.9725,63.47,134,8
P10242,MYB,FBXW7,0,0,0.8894,58.07,112,7
P35659,DEK,FBXW7,0,0,0.9797,65.64,73,31
P21359,NF1,FBXW7,0,0,0.8313,87.17,855,14
Q9Y5W3,KLF2,FBXW7,0,0,0.9887,56.84,18,2
P53805,RCAN1,FBXW7,0,0,0.9362,73.8,31,3
Q96BA8,CREB3L1,FBXW7,0,0,0.9783,55.13,81,1
Q9UQ13,SHOC2,FBXW7,0,0,0.8853,87.49,106,0
Q49AN0,CRY2,FBXW7,0,0,0.8966,84.2,94,11
Q13887,KLF5,FBXW7,0,0,0.9677,46.88,98,4
Q14103,HNRNPD,BTRC,0,0,0.9329,62.48,75,28
O15534,PER1,BTRC,0,0,0.9842,52.08,203,9
P35226,BMI1,BTRC,0,0,0.9039,76.73,62,0
Q9P0N9,TBC1D7,BTRC,0,0,0.5017,92.66,66,0
P19235,EPOR,BTRC,0,0,0.8462,66.93,58,10
O15055,PER2,BTRC,0,0,0.9783,52.76,212,13
Q10589,BST2,BTRC,0,0,0.5419,85.35,20,1
O95997,PTTG1,BTRC,0,0,0.7672,63.15,30,2
P49841,GSK3B,BTRC,0,0,0.9057,88.23,87,5
Q13009,TIAM1,BTRC,1,1,0.9606,58.94,451,9
P46937,YAP1,BTRC,0,0,0.9957,57.4,71,25
P42224,STAT1,BTRC,0,0,0.7289,87.23,176,18
Q9UM11,FZR1,BTRC,0,0,0.9381,82.36,110,8
P54274,TERF1,BTRC,0,0,0.9519,71.09,76,6
Q15717,ELAVL1,BTRC,0,0,0.7369,79.82,97,12
Q53EL6,PDCD4,BTRC,0,0,0.8279,76.56,89,13
P18887,XRCC1,BTRC,0,0,0.9854,69.42,96,28
Q15653,NFKBIB,BTRC,1,1,0.9744,76.36,55,5
Q8TB45,DEPTOR,BTRC,0,0,0.8565,79.73,85,20
Q14247,CTTN,BTRC,0,0,0.9606,62.46,103,42
P01112,HRAS,BTRC,0,0,0.6269,91.95,140,5
Q9HAW4,CLSPN,BTRC,1,1,0.9725,50.63,203,33
P10071,GLI3,BTRC,1,1,0.9844,42.4,478,22
A0A1B0GVQ0,SPAAR,BTRC,0,0,0.5176,67.65,0,0
Q15672,TWIST1,BTRC,0,0,0.9883,66.31,29,0
Q00987,MDM2,BTRC,0,0,0.892,62.58,73,13
O15111,CHUK,BTRC,0,0,0.7595,83.83,122,4
P04637,TP53,BTRC,0,0,0.9875,75.05,4225,36
P30304,CDC25A,BTRC,0,0,0.9503,62.99,88,13
P51617,IRAK1,BTRC,0,0,0.9677,68.55,93,9
P98174,FGD1,BTRC,1,1,0.9892,64.83,185,4
Q13651,IL10RA,BTRC,1,1,0.9733,61.99,111,0
O95863,SNAI1,BTRC,1,1,0.9593,57.64,56,15
P42574,CASP3,BTRC,0,0,0.7951,85.83,50,5
Q9GZV5,WWTR1,BTRC,1,1,0.9849,59.14,63,6
Q9ULT6,ZNRF3,BTRC,0,0,0.9308,50.71,149,0
P02786,TFRC,BTRC,0,0,0.708,86.71,109,6
O60346,PHLPP1,BTRC,0,0,0.9913,64.44,198,3
O75365,PTP4A3,BTRC,0,0,0.5342,86.86,43,1
Q9NX09,DDIT4,BTRC,0,0,0.9433,71.29,37,4
P01730,CD4,BTRC,0,0,0.7209,85.24,105,3
P62324,BTG1,BTRC,0,0,0.6851,81.38,33,1
Q9NS23,RASSF1,BTRC,0,0,0.8462,71.72,44,3
P35222,CTNNB1,BTRC,1,1,0.9287,81.06,473,19
Q92538,GBF1,BTRC,0,0,0.9606,70.34,269,13
Q96T88,UHRF1,BTRC,0,0,0.8792,79.76,8,17
Q5JSP0,FGD3,BTRC,1,1,0.9787,68.63,146,1
Q8N668,COMMD1,BTRC,0,0,0.5992,86.37,27,1
Q8TDM6,DLG5,BTRC,0,0,0.9711,62.44,276,12
P84022,SMAD3,BTRC,0,0,0.9039,83.61,125,14
Q00613,HSF1,BTRC,0,0,0.9896,61.3,75,33
P30291,WEE1,BTRC,0,0,0.9885,65.33,74,16
O43734,TRAF3IP2,BTRC,0,0,0.9725,53.21,87,0
P18848,ATF4,BTRC,0,0,0.9473,62.0,66,14
P02751,FN1,BTRC,0,0,0.9503,69.65,499,8
Q16635,TAZ,BTRC,0,0,0.662,94.85,0,0
Q9NS37,CREBZF,BTRC,0,0,0.9649,61.47,54,1
P53805,RCAN1,BTRC,0,0,0.9362,73.8,31,3
P35968,KDR,BTRC,0,0,0.9126,71.14,465,15
O00221,NFKBIE,BTRC,1,1,0.977,61.64,51,3
Q14494,NRF1,BTRC,0,0,0.9211,54.82,81,2
Q14494,NFE2L1,BTRC,0,0,0.9211,54.82,111,2
O14503,BHLHE40,BTRC,0,0,0.9433,59.92,71,8
P32314,FOXN2,BTRC,1,1,0.8313,60.33,85,0
P50579,METAP2,BTRC,0,0,0.9362,85.44,86,5
P06493,CDK1,BTRC,0,0,0.4119,89.34,52,19
P16471,PRLR,BTRC,1,1,0.9657,61.02,189,0
P78543,BTG2,BTRC,0,0,0.662,85.25,47,2
Q8NF37,LPCAT1,BTRC,0,0,0.6755,82.27,113,0
Q9BZB8,CPEB1,BTRC,0,0,0.8279,65.16,116,2
P01106,MYC,BTRC,0,0,0.977,60.41,88,27
P19838,NFKB1,BTRC,0,0,0.853,73.18,135,17
P24864,CCNE1,BTRC,0,0,0.9269,79.53,79,5
Q01664,TFAP4,BTRC,0,0,0.983,72.9,77,7
P10912,GHR,BTRC,1,1,0.9057,58.7,203,3
Q13127,REST,BTRC,0,0,0.9787,48.86,180,2
O95999,BCL10,BTRC,0,0,0.9396,69.49,46,5
Q13485,SMAD4,BTRC,0,0,0.9308,73.38,301,5
Q6PGQ7,BORA,BTRC,0,0,0.9362,50.9,79,6
Q96K76,USP47,BTRC,1,1,0.9151,71.61,189,7
O43521,BCL2L11,BTRC,0,0,0.9801,60.06,63,4
Q92539,LPIN2,BTRC,0,0,0.8942,60.49,158,7
Q16875,PFKFB3,BTRC,1,1,0.8966,86.61,82,4
Q86T82,USP37,BTRC,0,0,0.9703,62.8,144,7
P30305,CDC25B,BTRC,0,0,0.9703,63.56,100,8
Q8N907,SP1,BTRC,0,0,0.8493,69.28,120,0
P24385,CCND1,BTRC,0,0,0.9081,87.32,74,3
Q13563,PKD2,BTRC,1,1,0.9842,70.12,158,7
P17181,IFNAR1,BTRC,1,1,0.8235,78.02,80,7
O43524,FOXO3,BTRC,0,0,0.9885,50.66,90,28
P10070,GLI2,BTRC,0,0,0.9751,42.04,345,22
P78545,ELF3,BTRC,0,0,0.8421,64.75,160,0
P15260,IFNGR1,BTRC,1,1,0.8493,66.01,98,5
Q16236,NFE2L2,BTRC,0,0,0.9013,60.54,296,4
P55036,PSMD4,BTRC,0,0,0.9269,72.05,58,7
P25963,NFKBIA,BTRC,1,1,0.8493,83.49,56,13
Q8N907,DAND5,BTRC,0,0,0.8493,69.28,39,0
O00444,PLK4,BTRC,0,0,0.892,65.62,149,5
Q9NYP9,MIS18A,BTRC,0,0,0.5176,79.14,25,5
Q8IYD8,FANCM,BTRC,1,1,0.8655,51.66,401,3
Q9UM11,CDH1,BTRC,0,0,0.9381,82.36,321,8
Q76N32,CEP68,BTRC,0,0,0.9751,48.73,109,3
Q07820,MCL1,BTRC,0,0,0.9756,63.63,34,9
Q00653,NFKB2,BTRC,0,0,0.9792,74.91,115,10
Q12959,DLG1,BTRC,1,1,0.8162,73.05,157,17
O00418,EEF2K,BTRC,1,1,0.9433,71.82,144,24
Q92519,TRIB2,BTRC,0,0,0.7629,80.45,74,0
P50539,MXI1,BTRC,0,0,0.919,72.35,38,0
O95863,SNAI1,FBXO22,1,1,0.9593,57.64,56,15
P35613,BSG,FBXO22,0,0,0.8681,86.11,62,2
O95817,BAG3,FBXO22,0,0,0.9844,57.24,86,19
O60346,PHLPP1,FBXO22,0,0,0.9913,64.44,198,3
O75164,KDM4A,FBXO22,0,0,0.8792,71.84,163,3
O14867,BACH1,FBXO22,0,0,0.8713,56.48,161,3
Q15831,STK11,FBXO22,0,0,0.8828,78.79,170,18
P04637,TP53,FBXO22,0,0,0.9875,75.05,4225,36
P60484,PTEN,FBXO22,0,0,0.919,83.03,1185,14
O43474,KLF4,FBXO22,0,0,0.9287,48.94,69,3
P38936,CDKN1A,FBXO22,0,0,0.9503,69.0,107,8
Q00987,MDM2,FBXO22,0,0,0.892,62.58,73,13
O94953,KDM4B,FBXO22,0,0,0.9762,69.52,166,3
Q00987,MDM2,FBXO31,0,0,0.892,62.58,73,13
Q9H211,CDT1,FBXO31,0,0,0.9693,73.38,82,6
Q9NPB6,PARD6A,FBXO31,0,0,0.9807,73.49,34,2
O95863,SNAI1,FBXO31,1,1,0.9593,57.64,56,15
P52564,MAP2K6,FBXO31,0,0,0.9168,79.2,68,4
P24385,CCND1,FBXO31,0,0,0.9081,87.32,74,3
P30279,CCND2,FBXO31,0,0,0.853,87.93,62,2
Q9Y6B2,EID1,FBXO21,0,0,0.9792,56.19,34,0
P24468,NR2F2,FBXO21,0,0,0.9787,76.75,80,1
P08183,ABCB1,FBXO21,0,0,0.6183,84.59,476,1
P49585,PCYT1A,FBXL2,0,0,0.8966,76.0,65,17
Q96GD4,AURKB,FBXL2,0,0,0.7843,78.82,55,6
Q96P20,NLRP3,FBXL2,0,0,0.7331,81.05,442,26
P30281,CCND3,FBXL2,0,0,0.9308,86.97,35,3
Q14573,ITPR3,FBXL2,0,0,0.8765,73.41,435,7
P05067,APP,FBXL2,0,0,0.9816,67.39,167,12
P30279,CCND2,FBXL2,0,0,0.853,87.93,62,2
O00459,PIK3R2,FBXL2,0,0,0.9918,81.65,119,3
Q08050,FOXM1,FBXL2,0,0,0.9634,50.21,138,17
Q16526,CRY1,FBXL3,0,0,0.9126,84.29,103,10
Q49AN0,CRY2,FBXL3,0,0,0.8966,84.2,94,11
Q9UPW8,UNC13A,FBXO44,0,0,0.9889,73.11,344,4
P38398,BRCA1,FBXO44,0,0,0.9433,41.59,300,43
P48200,IREB2,FBXL5,0,0,0.6906,86.74,180,0
O95863,SNAI1,FBXL5,1,1,0.9593,57.64,56,15
Q9BQ15,NABP2,FBXL5,0,0,0.9903,76.82,31,1
Q14203,DCTN1,FBXL5,0,0,0.9396,76.63,223,6
P37840,SNCA,FBXL5,0,0,0.8966,75.18,28,4
P00519,ABL1,FBXL5,0,0,0.9756,63.37,183,34
O43474,KLF4,FBXO32,0,0,0.9287,48.94,69,3
Q9Y6J0,CABIN1,FBXO32,0,0,0.9844,63.71,288,13
Q14896,MYBPC3,FBXO32,0,0,0.9381,78.82,235,10
O00303,EIF3F,FBXO32,0,0,0.892,73.88,42,4
P19429,TNNI3,FBXO32,0,0,0.8942,78.6,59,18
Q16558,KCNMB1,FBXO32,0,0,0.4619,84.11,55,0
P15172,MYOD1,FBXO32,0,0,0.9725,61.17,56,2
Q12778,FOXO1,FBXO32,0,0,0.9807,50.96,101,22
P15173,MYOG,FBXO32,0,0,0.8013,67.39,51,3
P20848,ATR,FBXO32,0,0,0.853,84.18,488,0
Q9UBF9,MYOT,FBXO32,0,0,0.9249,64.8,102,1
P28562,DUSP1,FBXO32,0,0,0.4901,79.17,38,2
P01106,MYC,FBXO32,0,0,0.977,60.41,88,27
P61371,ISL1,FBXO25,0,0,0.9013,71.86,111,0
P52952,NKX2-5,FBXO25,0,0,0.853,62.55,11,0
P19419,ELK1,FBXO25,0,0,0.9733,58.31,66,12
O96004,HAND1,FBXO25,0,0,0.9057,64.95,39,2
P13473,LAMP2,FBXO27,0,0,0.8942,83.17,72,0
Q14653,IRF3,FBXO6,0,0,0.9783,80.26,51,23
O00584,RNASET2,FBXO6,0,0,0.8085,86.41,44,0
O14757,CHEK1,FBXO6,0,0,0.7415,76.14,85,11
Q9BRS2,RIOK1,FBXO6,0,0,0.9249,68.77,99,2
Q96HE7,ERO1A,FBXO6,0,0,0.6427,75.65,68,3
P02786,TFRC,FBXO6,0,0,0.708,86.71,109,6
O75882,ATRN,FBXO6,0,0,0.8125,78.78,194,0
Q13490,BIRC2,FBXO7,0,0,0.8765,76.6,89,0
Q96SW2,CRBN,FBXO7,0,0,0.9547,86.6,69,1
O75398,SPN,FBXO7,0,0,0.9717,60.44,56,5
Q15398,DLGAP5,FBXO7,0,0,0.9287,55.56,125,25
Q12933,TRAF2,FBXO7,0,0,0.4652,90.21,95,8
O43156,TTI1,FBXO9,0,0,0.9381,81.27,204,2
Q9H2A3,NEUROG2,FBXO9,0,0,0.8942,62.87,40,0
Q9Y4R8,TELO2,FBXO9,0,0,0.8462,83.85,143,10
O95863,SNAI1,FBXL7,1,1,0.9593,57.64,56,15
P12931,SRC,FBXL7,0,0,0.9106,83.46,60,6
O14965,AURKA,FBXL7,0,0,0.9433,75.03,47,6
O15392,BIRC5,FBXL7,0,0,0.6948,94.8,25,11
Q9BX63,BRIP1,FBXL17,0,0,0.8623,63.87,230,9
Q9UMX1,SUFU,FBXL17,0,0,0.9126,82.32,80,9
O14867,BACH1,FBXL17,0,0,0.8713,56.48,161,3
P53805,RCAN1,FBXW11,0,0,0.9362,73.8,31,3
Q76N32,CEP68,FBXW11,0,0,0.9751,48.73,109,3
O15111,CHUK,FBXW11,0,0,0.7595,83.83,122,4
P30305,CDC25B,FBXW11,0,0,0.9703,63.56,100,8
Q8IYD8,FANCM,FBXW11,1,1,0.8655,51.66,401,3
O15055,PER2,FBXW11,0,0,0.9783,52.76,212,13
P17181,IFNAR1,FBXW11,1,1,0.8235,78.02,80,7
P25963,NFKBIA,FBXW11,1,1,0.8493,83.49,56,13
Q53EL6,PDCD4,FBXW11,0,0,0.8279,76.56,89,13
Q12959,DLG1,FBXW11,1,1,0.8162,73.05,157,17
Q8TB45,DEPTOR,FBXW11,0,0,0.8565,79.73,85,20
P46937,YAP1,FBXW11,0,0,0.9957,57.4,71,25
O15534,PER1,FBXW11,0,0,0.9842,52.08,203,9
P30291,WEE1,FBXW11,0,0,0.9885,65.33,74,16
O00444,PLK4,FBXW11,0,0,0.892,65.62,149,5
O14920,IKBKB,FBXW11,0,0,0.7951,86.54,167,19
P16471,PRLR,FBXW11,1,1,0.9657,61.02,189,0
P35222,CTNNB1,FBXW11,1,1,0.9287,81.06,473,19
O60343,TBC1D4,FBXW11,0,0,0.9519,66.57,241,25
P19838,NFKB1,FBXW11,0,0,0.853,73.18,135,17
Q9HAW4,CLSPN,FBXW11,1,1,0.9725,50.63,203,33
Q9P2F8,SIPA1L2,FBXW11,0,0,0.9657,55.95,403,12
Q13127,REST,FBXW11,0,0,0.9787,48.86,180,2
Q9NX09,DDIT4,FBXW11,0,0,0.9433,71.29,37,4
O14503,BHLHE40,FBXW11,0,0,0.9433,59.92,71,8
P30304,CDC25A,FBXW11,0,0,0.9503,62.99,88,13
O00308,WWP2,FBXL15,0,0,0.9744,76.99,159,1
Q9HAU4,SMURF2,FBXL15,0,0,0.9057,76.92,116,1
Q9HCE7,SMURF1,FBXL15,0,0,0.9346,73.28,133,3
P54274,TERF1,FBXO4,0,0,0.9519,71.09,76,6
P24385,CCND1,FBXO4,0,0,0.9081,87.32,74,3
P05362,ICAM1,FBXO4,0,0,0.9249,88.42,76,2
Q07820,MCL1,FBXO4,0,0,0.9756,63.63,34,9
P51114,FXR1,FBXO4,0,0,0.9433,70.18,150,23
P04637,TP53,FBXO42,0,0,0.9875,75.05,4225,36
P49815,TSC2,FBXW5,0,0,0.9649,67.87,278,22
Q12929,EPS8,FBXW5,1,1,0.9777,70.33,160,11
Q9Y238,DLEC1,FBXW5,0,0,0.892,71.29,303,0
P63167,DLC1,FBXW5,0,0,0.4409,95.34,406,3
Q6UVJ0,SASS6,FBXW5,0,0,0.8493,73.28,109,3
O95863,SNAI1,FBXO11,1,1,0.9593,57.64,56,15
Q9NZJ0,DTL,FBXO11,0,0,0.9547,62.79,91,16
P41182,BCL6,FBXO11,0,0,0.9039,52.07,162,5
O75626,PRDM1,FBXO11,0,0,0.8991,55.59,176,2
