gene_name,display_name,source_ligase,uniprot_accession,dual_targeted,notes
HIPK2,HIPK2,FBXO3,Q9H2X6,False,PMID:18809579
EP300,EP300,FBXO3,Q09472,False,PMID:18809579
SMURF1,SMURF1,FBXO3,Q9HCE7,False,PMID:25721664
KLF10,KLF10,FBXW7,Q13118,False,PMID:29198712
MTOR,MTOR,FBXW7,P42345,False,PMID:18787170
TOP2A,TOP2A,FBXW7,P11388,False,PMID:24658274
JUNB,JUNB,FBXW7,P17275,False,PMID:24658274
ASCC2,ASCC2,FBXW7,Q9H1I8,False,PMID:22388891
NR3C1,NR3C1,FBXW7,P04150,False,PMID:24658274
CCNE2,CCNE2,FBXW7,O96020,False,PMID:19084516
MYCN,MYCN,FBXW7,P04198,False,PMID:19111882
NFE2L1,NFE2L1,FBXW7,Q14494,False,PMID:24658274
CEBPA,CEBPA,FBXW7,P49715,False,PMID:24658274
PTPN11,PTPN11,FBXW7,Q06124,False,PMID:34046815
MED13,MED13,FBXW7,Q9UHV7,False,PMID:23322298
ENO1,ENO1,FBXW7,P06733,False,PMID:34335983
CCNE1,CCNE1,FBXW7,P24864,True,Dual-targeted with SKP2 positive; PMID:14648662
MCL1,MCL1,FBXW7,Q07820,False,PMID:24658274
AURKA,AURKA,FBXW7,O14965,False,PMID:16863506
TP53,TP53,FBXW7,P04637,False,PMID:31346036
NFKB2,NFKB2,FBXW7,Q00653,False,PMID:24658274
XBP1,XBP1,FBXW7,P17861,False,PMID:30783083
SPI1,SPI1,FBXW7,P17947,False,PMID:33188146
SIK2,SIK2,FBXW7,Q9H0K1,False,PMID:32437091
MED13L,MED13L,FBXW7,Q71F56,False,PMID:23322298
EBNA1BP2,EBNA1BP2,FBXW7,Q99848,False,PMID:21220517
STAT2,STAT2,FBXW7,P52630,False,PMID:31843895
HIF1A,HIF1A,FBXW7,Q16665,False,PMID:24658274
NCOA3,NCOA3,FBXW7,Q9Y6Q9,False,PMID:24658274
CCDC6,CCDC6,FBXW7,Q16204,False,PMID:25885523
BRAF,BRAF,FBXW7,P15056,False,PMID:24658274
HSF1,HSF1,FBXW7,Q00613,False,PMID:30284149
RUNX2,RUNX2,FBXW7,Q13950,False,PMID:30610124
CREB3L2,CREB3L2,FBXW7,Q70SY1,False,PMID:24658274
SNAI1,SNAI1,FBXW7,O95863,False,PMID:30094882
DISC1,DISC1,FBXW7,Q9NRI5,False,PMID:28727686
TGIF1,TGIF1,FBXW7,Q15583,False,PMID:24658274
PPARGC1A,PPARGC1A,FBXW7,Q9UBK2,False,PMID:24658274
CEBPD,CEBPD,FBXW7,P49716,False,PMID:24658274
JUN,JUN,FBXW7,P05412,False,PMID:18094723
NOTCH1,NOTCH1,FBXW7,P46531,False,PMID:18185524
SREBF2,SREBF2,FBXW7,Q12772,False,PMID:16054087
AHSG,AHSG,FBXW7,P02765,False,PMID:29475832
HDAC7,HDAC7,FBXW7,Q8WUI4,False,PMID:34288252
CSF3R,CSF3R,FBXW7,Q99062,False,PMID:24658274
MYC,MYC,FBXW7,P01106,True,Dual-targeted with SKP2 positive; PMID:16131838
AURKB,AURKB,FBXW7,Q96GD4,False,PMID:24658274
ZEB2,ZEB2,FBXW7,O60315,False,PMID:30783098
NONO,NONO,FBXW7,Q15233,False,PMID:29150959
KLF13,KLF13,FBXW7,Q9Y2Y9,False,PMID:24658274
PSEN1,PSEN1,FBXW7,P49768,False,PMID:12354302
BIRC2,BIRC2,FBXW7,Q13490,False,PMID:16510124
SOX9,SOX9,FBXW7,P48436,False,PMID:27566146
NRF1,NRF1,FBXW7,Q14494,False,PMID:PMC4306233
TP63,TP63,FBXW7,Q9H3D4,False,PMID:24658274
SREBF1,SREBF1,FBXW7,P36956,False,PMID:16054087
MYB,MYB,FBXW7,P10242,False,PMID:19421138
DEK,DEK,FBXW7,P35659,False,PMID:24658274
NF1,NF1,FBXW7,P21359,False,PMID:24658274
KLF2,KLF2,FBXW7,Q9Y5W3,False,PMID:23507969
RCAN1,RCAN1,FBXW7,P53805,False,PMID:24658274
CREB3L1,CREB3L1,FBXW7,Q96BA8,False,PMID:24658274
SHOC2,SHOC2,FBXW7,Q9UQ13,False,PMID:30865892
CRY2,CRY2,FBXW7,Q49AN0,False,PMID:25855785
KLF5,KLF5,FBXW7,Q13887,False,PMID:20484041
HNRNPD,HNRNPD,BTRC,Q14103,False,PMID:24658274
PER1,PER1,BTRC,O15534,False,PMID:15917222
BMI1,BMI1,BTRC,P35226,False,PMID:24658274
TBC1D7,TBC1D7,BTRC,Q9P0N9,False,PMID:30143532
EPOR,EPOR,BTRC,P19235,False,PMID:24658274
PER2,PER2,BTRC,O15055,False,PMID:17876059
BST2,BST2,BTRC,Q10589,False,PMID:24658274
PTTG1,PTTG1,BTRC,O95997,False,PMID:24658274
GSK3B,GSK3B,BTRC,P49841,False,PMID:24451375
TIAM1,TIAM1,BTRC,Q13009,False,PMID:25124033
YAP1,YAP1,BTRC,P46937,False,PMID:24658274
STAT1,STAT1,BTRC,P42224,False,PMID:24658274
FZR1,FZR1,BTRC,Q9UM11,False,PMID:23972993
TERF1,TERF1,BTRC,P54274,False,PMID:24658274
ELAVL1,ELAVL1,BTRC,Q15717,False,PMID:24658274
PDCD4,PDCD4,BTRC,Q53EL6,True,Dual-targeted with SKP2 positive; PMID:17053147
XRCC1,XRCC1,BTRC,P18887,False,PMID:31043584
NFKBIB,NFKBIB,BTRC,Q15653,False,PMID:FBW1A_HUMAN
DEPTOR,DEPTOR,BTRC,Q8TB45,False,PMID:24658274
CTTN,CTTN,BTRC,Q14247,False,PMID:24658274
HRAS,HRAS,BTRC,P01112,False,PMID:24658274
CLSPN,CLSPN,BTRC,Q9HAW4,False,PMID:24658274
GLI3,GLI3,BTRC,P10071,False,PMID:24658274
SPAAR,SPAAR,BTRC,A0A1B0GVQ0,False,PMID:24658274
TWIST1,TWIST1,BTRC,Q15672,False,PMID:24658274
MDM2,MDM2,BTRC,Q00987,False,PMID:20708156
CHUK,CHUK,BTRC,O15111,False,PMID:19109186
TP53,TP53,BTRC,P04637,False,PMID:24658274
CDC25A,CDC25A,BTRC,P30304,False,PMID:15845771
IRAK1,IRAK1,BTRC,P51617,False,PMID:24658274
FGD1,FGD1,BTRC,P98174,False,PMID:24658274
IL10RA,IL10RA,BTRC,Q13651,False,PMID:24658274
SNAI1,SNAI1,BTRC,O95863,False,PMID:22199232
CASP3,CASP3,BTRC,P42574,False,PMID:24658274
WWTR1,WWTR1,BTRC,Q9GZV5,False,PMID:20858893
ZNRF3,ZNRF3,BTRC,Q9ULT6,False,PMID:29497989
TFRC,TFRC,BTRC,P02786,False,PMID:34315867
PHLPP1,PHLPP1,BTRC,O60346,False,PMID:24658274
PTP4A3,PTP4A3,BTRC,O75365,False,PMID:24658274
DDIT4,DDIT4,BTRC,Q9NX09,False,PMID:19557001
CD4,CD4,BTRC,P01730,False,PMID:14674748
BTG1,BTG1,BTRC,P62324,False,PMID:24658274
RASSF1,RASSF1,BTRC,Q9NS23,True,Dual-targeted with SKP2 positive; PMID:24658274
CTNNB1,CTNNB1,BTRC,P35222,False,PMID:19795382
GBF1,GBF1,BTRC,Q92538,False,PMID:29898406
UHRF1,UHRF1,BTRC,Q96T88,False,PMID:23297342
FGD3,FGD3,BTRC,Q5JSP0,False,PMID:24658274
COMMD1,COMMD1,BTRC,Q8N668,False,PMID:20068069
DLG5,DLG5,BTRC,Q8TDM6,False,PMID:12902344
SMAD3,SMAD3,BTRC,P84022,False,PMID:FBW1A_HUMAN
HSF1,HSF1,BTRC,Q00613,False,PMID:24658274
WEE1,WEE1,BTRC,P30291,False,PMID:18560763
TRAF3IP2,TRAF3IP2,BTRC,O43734,False,PMID:24658274
ATF4,ATF4,BTRC,P18848,False,PMID:FBW1A_HUMAN
FN1,FN1,BTRC,P02751,False,PMID:24658274
TAZ,TAZ,BTRC,Q16635,False,PMID:20858893
CREBZF,CREBZF,BTRC,Q9NS37,False,PMID:11238952
RCAN1,RCAN1,BTRC,P53805,False,PMID:18575781
KDR,KDR,BTRC,P35968,False,PMID:22711876
NFKBIE,NFKBIE,BTRC,O00221,False,PMID:FBW1A_HUMAN
NRF1,NRF1,BTRC,Q14494,False,PMID:21911472
NFE2L1,NFE2L1,BTRC,Q14494,False,PMID:24658274
BHLHE40,BHLHE40,BTRC,O14503,False,PMID:25202122
FOXN2,FOXN2,BTRC,P32314,False,PMID:29396548
METAP2,METAP2,BTRC,P50579,False,PMID:11438690
CDK1,CDK1,BTRC,P06493,False,PMID:25149538
PRLR,PRLR,BTRC,P16471,False,PMID:15082796
BTG2,BTG2,BTRC,P78543,False,PMID:24658274
LPCAT1,LPCAT1,BTRC,Q8NF37,False,PMID:21068446
CPEB1,CPEB1,BTRC,Q9BZB8,False,PMID:24658274
MYC,MYC,BTRC,P01106,True,Dual-targeted with SKP2 positive; PMID:20852628
NFKB1,NFKB1,BTRC,P19838,False,PMID:FBW1A_HUMAN
CCNE1,CCNE1,BTRC,P24864,True,Dual-targeted with SKP2 positive; PMID:18851830
TFAP4,TFAP4,BTRC,Q01664,False,PMID:24500709
GHR,GHR,BTRC,P10912,False,PMID:23607312
REST,REST,BTRC,Q13127,False,PMID:14523018
BCL10,BCL10,BTRC,O95999,False,PMID:24658274
SMAD4,SMAD4,BTRC,Q13485,False,PMID:FBW1A_HUMAN
BORA,BORA,BTRC,Q6PGQ7,False,PMID:19390576
USP47,USP47,BTRC,Q96K76,False,PMID:24658274
BCL2L11,BCL2L11,BTRC,O43521,False,PMID:24658274
LPIN2,LPIN2,BTRC,Q92539,False,PMID:32008742
PFKFB3,PFKFB3,BTRC,Q16875,False,PMID:24658274
USP37,USP37,BTRC,Q86T82,False,PMID:23027877
CDC25B,CDC25B,BTRC,P30305,False,PMID:21807946
SP1,SP1,BTRC,Q8N907,False,PMID:19372209
CCND1,CCND1,BTRC,P24385,True,Dual-targeted with SKP2 positive; PMID:24658274
PKD2,PKD2,BTRC,Q13563,False,PMID:17636028
IFNAR1,IFNAR1,BTRC,P17181,False,PMID:16551269
FOXO3,FOXO3,BTRC,O43524,False,PMID:20625400
GLI2,GLI2,BTRC,P10070,False,PMID:24658274
ELF3,ELF3,BTRC,P78545,False,PMID:24658274
IFNGR1,IFNGR1,BTRC,P15260,False,PMID:24658274
NFE2L2,NFE2L2,BTRC,Q16236,False,PMID:24658274
PSMD4,PSMD4,BTRC,P55036,False,PMID:19240029
NFKBIA,NFKBIA,BTRC,P25963,False,PMID:19180189
DAND5,DAND5,BTRC,Q8N907,False,PMID:24658274
PLK4,PLK4,BTRC,O00444,False,PMID:22199232
MIS18A,MIS18A,BTRC,Q9NYP9,False,PMID:24658274
FANCM,FANCM,BTRC,Q8IYD8,False,PMID:19270156
CDH1,CDH1,BTRC,Q9UM11,False,PMID:24658274
CEP68,CEP68,BTRC,Q76N32,False,PMID:22199232
MCL1,MCL1,BTRC,Q07820,False,PMID:24658274
NFKB2,NFKB2,BTRC,Q00653,False,PMID:FBW1A_HUMAN
DLG1,DLG1,BTRC,Q12959,False,PMID:12902344
EEF2K,EEF2K,BTRC,O00418,False,PMID:22669845
TRIB2,TRIB2,BTRC,Q92519,False,PMID:24211582
MXI1,MXI1,BTRC,P50539,False,PMID:29507620
SNAI1,SNAI1,FBXO22,O95863,False,PMID:32793396
BSG,BSG,FBXO22,P35613,False,PMID:28117675
BAG3,BAG3,FBXO22,O95817,False,PMID:34215846
PHLPP1,PHLPP1,FBXO22,O60346,False,PMID:34182063
KDM4A,KDM4A,FBXO22,O75164,False,PMID:24658274
BACH1,BACH1,FBXO22,O14867,False,PMID:32793396
STK11,STK11,FBXO22,Q15831,False,PMID:31217475
TP53,TP53,FBXO22,P04637,False,PMID:26868148
PTEN,PTEN,FBXO22,P60484,False,PMID:32793396
KLF4,KLF4,FBXO22,O43474,False,PMID:26087183
CDKN1A,CDKN1A,FBXO22,P38936,True,Dual-targeted with SKP2 positive; PMID:30808376
MDM2,MDM2,FBXO22,Q00987,False,PMID:31138683
KDM4B,KDM4B,FBXO22,O94953,False,PMID:32793396
MDM2,MDM2,FBXO31,Q00987,False,PMID:26124108
CDT1,CDT1,FBXO31,Q9H211,True,Dual-targeted with SKP2 positive; PMID:24828503
PARD6A,PARD6A,FBXO31,Q9NPB6,False,PMID:24658274
SNAI1,SNAI1,FBXO31,O95863,False,PMID:29117943
MAP2K6,MAP2K6,FBXO31,P52564,False,PMID:24936062
CCND1,CCND1,FBXO31,P24385,True,Dual-targeted with SKP2 positive; PMID:FBX31_HUMAN
CCND2,CCND2,FBXO31,P30279,False,PMID:21537837
EID1,EID1,FBXO21,Q9Y6B2,False,PMID:26085330
NR2F2,NR2F2,FBXO21,P24468,False,PMID:33531987
ABCB1,ABCB1,FBXO21,P08183,False,PMID:26299618
PCYT1A,PCYT1A,FBXL2,P49585,False,PMID:22199232
AURKB,AURKB,FBXL2,Q96GD4,False,PMID:23370391
NLRP3,NLRP3,FBXL2,Q96P20,False,PMID:26037928
CCND3,CCND3,FBXL2,P30281,False,PMID:22024926
ITPR3,ITPR3,FBXL2,Q14573,False,PMID:30355490
APP,APP,FBXL2,P05067,False,PMID:22399757
CCND2,CCND2,FBXL2,P30279,False,PMID:22323446
PIK3R2,PIK3R2,FBXL2,O00459,False,PMID:23604317
FOXM1,FOXM1,FBXL2,Q08050,False,PMID:31679690
CRY1,CRY1,FBXL3,Q16526,False,PMID:24658274
CRY2,CRY2,FBXL3,Q49AN0,False,PMID:17463251
UNC13A,UNC13A,FBXO44,Q9UPW8,False,PMID:24658274
BRCA1,BRCA1,FBXO44,P38398,False,PMID:23086937
IREB2,IREB2,FBXL5,P48200,False,PMID:19762597
SNAI1,SNAI1,FBXL5,O95863,False,PMID:24157836
NABP2,NABP2,FBXL5,Q9BQ15,False,PMID:25249620
DCTN1,DCTN1,FBXL5,Q14203,False,PMID:FBXL5_HUMAN
SNCA,SNCA,FBXL5,P37840,False,PMID:31167929
ABL1,ABL1,FBXL5,P00519,False,PMID:24658274
KLF4,KLF4,FBXO32,O43474,False,PMID:28068319
CABIN1,CABIN1,FBXO32,Q9Y6J0,False,PMID:18235241
MYBPC3,MYBPC3,FBXO32,Q14896,False,PMID:19850579
EIF3F,EIF3F,FBXO32,O00303,False,PMID:22199232
TNNI3,TNNI3,FBXO32,P19429,False,PMID:22199232
KCNMB1,KCNMB1,FBXO32,Q16558,False,PMID:24658274
MYOD1,MYOD1,FBXO32,P15172,False,PMID:19319192
FOXO1,FOXO1,FBXO32,Q12778,True,Dual-targeted with SKP2 positive; PMID:22199232
MYOG,MYOG,FBXO32,P15173,False,PMID:22199232
ATR,ATR,FBXO32,P20848,False,PMID:29805624
MYOT,MYOT,FBXO32,Q9UBF9,False,PMID:15100091
DUSP1,DUSP1,FBXO32,P28562,False,PMID:19117950
MYC,MYC,FBXO32,P01106,True,Dual-targeted with SKP2 positive; PMID:25944903
ISL1,ISL1,FBXO25,P61371,False,PMID:24658274
NKX2-5,NKX2-5,FBXO25,P52952,False,PMID:24658274
ELK1,ELK1,FBXO25,P19419,False,PMID:23940030
HAND1,HAND1,FBXO25,O96004,False,PMID:24658274
LAMP2,LAMP2,FBXO27,P13473,False,PMID:28743755
IRF3,IRF3,FBXO6,Q14653,False,PMID:31308089
RNASET2,RNASET2,FBXO6,O00584,False,PMID:33767133
CHEK1,CHEK1,FBXO6,O14757,False,PMID:19716789
RIOK1,RIOK1,FBXO6,Q9BRS2,False,PMID:29384474
ERO1A,ERO1A,FBXO6,Q96HE7,False,PMID:27855403
TFRC,TFRC,FBXO6,P02786,False,PMID:24658274
ATRN,ATRN,FBXO6,O75882,False,PMID:24658274
BIRC2,BIRC2,FBXO7,Q13490,False,PMID:16510124
CRBN,CRBN,FBXO7,Q96SW2,False,PMID:30026574
SPN,SPN,FBXO7,O75398,False,PMID:24658274
DLGAP5,DLGAP5,FBXO7,Q15398,False,PMID:18495667
TRAF2,TRAF2,FBXO7,Q12933,False,PMID:33010352
TTI1,TTI1,FBXO9,O43156,False,PMID:24658274
NEUROG2,NEUROG2,FBXO9,Q9H2A3,False,PMID:32029586
TELO2,TELO2,FBXO9,Q9Y4R8,False,PMID:24658274
SNAI1,SNAI1,FBXL7,O95863,False,PMID:34249081
SRC,SRC,FBXL7,P12931,False,PMID:32839549
AURKA,AURKA,FBXL7,O14965,False,PMID:24658274
BIRC5,BIRC5,FBXL7,O15392,False,PMID:25778398
BRIP1,BRIP1,FBXL17,Q9BX63,False,PMID:24658274
SUFU,SUFU,FBXL17,Q9UMX1,False,PMID:27234298
BACH1,BACH1,FBXL17,O14867,False,PMID:PMC4306233
RCAN1,RCAN1,FBXW11,P53805,False,PMID:24658274
CEP68,CEP68,FBXW11,Q76N32,False,PMID:24658274
CHUK,CHUK,FBXW11,O15111,False,PMID:10321728
CDC25B,CDC25B,FBXW11,P30305,False,PMID:21807946
FANCM,FANCM,FBXW11,Q8IYD8,False,PMID:24658274
PER2,PER2,FBXW11,O15055,False,PMID:24658274
IFNAR1,IFNAR1,FBXW11,P17181,False,PMID:FBW1B_HUMAN
NFKBIA,NFKBIA,FBXW11,P25963,False,PMID:14707120
PDCD4,PDCD4,FBXW11,Q53EL6,True,Dual-targeted with SKP2 positive; PMID:24658274
DLG1,DLG1,FBXW11,Q12959,False,PMID:24658274
DEPTOR,DEPTOR,FBXW11,Q8TB45,False,PMID:24658274
YAP1,YAP1,FBXW11,P46937,False,PMID:24658274
PER1,PER1,FBXW11,O15534,False,PMID:24658274
WEE1,WEE1,FBXW11,P30291,False,PMID:15070733
PLK4,PLK4,FBXW11,O00444,False,PMID:19084407
IKBKB,IKBKB,FBXW11,O14920,False,PMID:10321728
PRLR,PRLR,FBXW11,P16471,False,PMID:15082796
CTNNB1,CTNNB1,FBXW11,P35222,False,PMID:10321728
TBC1D4,TBC1D4,FBXW11,O60343,False,PMID:25515538
NFKB1,NFKB1,FBXW11,P19838,False,PMID:FBW1B_HUMAN
CLSPN,CLSPN,FBXW11,Q9HAW4,False,PMID:24658274
SIPA1L2,SIPA1L2,FBXW11,Q9P2F8,False,PMID:24658274
REST,REST,FBXW11,Q13127,False,PMID:24658274
DDIT4,DDIT4,FBXW11,Q9NX09,False,PMID:31406304
BHLHE40,BHLHE40,FBXW11,O14503,False,PMID:25202122
CDC25A,CDC25A,FBXW11,P30304,False,PMID:14681206
WWP2,WWP2,FBXL15,O00308,False,PMID:22199232
SMURF2,SMURF2,FBXL15,Q9HAU4,False,PMID:22199232
SMURF1,SMURF1,FBXL15,Q9HCE7,False,PMID:21572392
TERF1,TERF1,FBXO4,P54274,False,PMID:20181953
CCND1,CCND1,FBXO4,P24385,True,Dual-targeted with SKP2 positive; PMID:19767775
ICAM1,ICAM1,FBXO4,P05362,False,PMID:29137327
MCL1,MCL1,FBXO4,Q07820,False,PMID:28776569
FXR1,FXR1,FBXO4,P51114,False,PMID:29142209
TP53,TP53,FBXO42,P04637,False,PMID:19509332
TSC2,TSC2,FBXW5,P49815,False,PMID:18381890
EPS8,EPS8,FBXW5,Q12929,False,PMID:24658274
DLEC1,DLEC1,FBXW5,Q9Y238,False,PMID:24658274
DLC1,DLC1,FBXW5,P63167,False,PMID:PMC4306233
SASS6,SASS6,FBXW5,Q6UVJ0,False,PMID:21725316
SNAI1,SNAI1,FBXO11,O95863,False,PMID:32657545
DTL,DTL,FBXO11,Q9NZJ0,False,PMID:23478441
BCL6,BCL6,FBXO11,P41182,False,PMID:22113614
PRDM1,PRDM1,FBXO11,O75626,False,PMID:22199232
