accession,gene_name,source_ligase,has_confirmed_phospho_cdk,confirmed_phospho_cdk_count
P46527,CDKN1B,SKP2,1,1
P31749,AKT1,SKP2,0,0
P38936,CDKN1A,SKP2,0,0
P49918,CDKN1C,SKP2,0,0
P28749,RBL2,SKP2,1,5
P17028,TOB1,SKP2,0,0
Q12778,FOXO1,SKP2,1,1
P01106,MYC,SKP2,1,1
P24864,CCNE1,SKP2,1,1
P20248,CCNA2,SKP2,0,0
P24385,CCND1,SKP2,0,0
Q01094,E2F1,SKP2,0,0
Q9H211,CDT1,SKP2,1,1
Q13415,ORC1,SKP2,1,1
Q9NS23,RASSF1,SKP2,0,0
P51587,BRCA2,SKP2,0,0
P10244,MYBL2,SKP2,1,3
Q53EL6,PDCD4,SKP2,0,0
Q15831,STK11,SKP2,0,0
O75874,IDH1,SKP2,0,0
P48735,IDH2,SKP2,0,0
O60346,PHLPP1,SKP2,0,0
Q9H2X6,HIPK2,FBXO3,1,3
Q09472,EP300,FBXO3,0,0
Q9HCE7,SMURF1,FBXO3,0,0
Q13118,KLF10,FBXW7,0,0
P42345,MTOR,FBXW7,0,0
P11388,TOP2A,FBXW7,1,1
P17275,JUNB,FBXW7,0,0
Q9H1I8,ASCC2,FBXW7,0,0
P04150,NR3C1,FBXW7,1,3
O96020,CCNE2,FBXW7,1,1
P04198,MYCN,FBXW7,0,0
Q14494,NFE2L1,FBXW7,0,0
P49715,CEBPA,FBXW7,0,0
Q06124,PTPN11,FBXW7,0,0
Q9UHV7,MED13,FBXW7,0,0
P06733,ENO1,FBXW7,0,0
Q07820,MCL1,FBXW7,0,0
O14965,AURKA,FBXW7,0,0
P04637,TP53,FBXW7,0,0
Q00653,NFKB2,FBXW7,0,0
P17861,XBP1,FBXW7,0,0
P17947,SPI1,FBXW7,0,0
Q9H0K1,SIK2,FBXW7,0,0
Q71F56,MED13L,FBXW7,0,0
Q99848,EBNA1BP2,FBXW7,0,0
P52630,STAT2,FBXW7,0,0
Q16665,HIF1A,FBXW7,1,1
Q9Y6Q9,NCOA3,FBXW7,1,1
Q16204,CCDC6,FBXW7,1,2
P15056,BRAF,FBXW7,1,1
Q00613,HSF1,FBXW7,1,1
Q13950,RUNX2,FBXW7,0,0
Q70SY1,CREB3L2,FBXW7,0,0
O95863,SNAI1,FBXW7,0,0
Q9NRI5,DISC1,FBXW7,0,0
Q15583,TGIF1,FBXW7,0,0
Q9UBK2,PPARGC1A,FBXW7,0,0
P49716,CEBPD,FBXW7,0,0
P05412,JUN,FBXW7,0,0
P46531,NOTCH1,FBXW7,0,0
Q12772,SREBF2,FBXW7,0,0
P02765,AHSG,FBXW7,0,0
Q8WUI4,HDAC7,FBXW7,0,0
Q99062,CSF3R,FBXW7,0,0
Q96GD4,AURKB,FBXW7,0,0
O60315,ZEB2,FBXW7,1,1
Q15233,NONO,FBXW7,0,0
Q9Y2Y9,KLF13,FBXW7,0,0
P49768,PSEN1,FBXW7,0,0
Q13490,BIRC2,FBXW7,0,0
P48436,SOX9,FBXW7,0,0
Q14494,NRF1,FBXW7,0,0
Q9H3D4,TP63,FBXW7,0,0
P36956,SREBF1,FBXW7,0,0
P10242,MYB,FBXW7,0,0
P35659,DEK,FBXW7,0,0
P21359,NF1,FBXW7,1,1
Q9Y5W3,KLF2,FBXW7,0,0
P53805,RCAN1,FBXW7,0,0
Q96BA8,CREB3L1,FBXW7,0,0
Q9UQ13,SHOC2,FBXW7,0,0
Q49AN0,CRY2,FBXW7,1,1
Q13887,KLF5,FBXW7,0,0
Q14103,HNRNPD,BTRC,0,0
O15534,PER1,BTRC,0,0
P35226,BMI1,BTRC,0,0
Q9P0N9,TBC1D7,BTRC,0,0
P19235,EPOR,BTRC,0,0
O15055,PER2,BTRC,0,0
Q10589,BST2,BTRC,0,0
O95997,PTTG1,BTRC,1,1
P49841,GSK3B,BTRC,0,0
Q13009,TIAM1,BTRC,0,0
P46937,YAP1,BTRC,0,0
P42224,STAT1,BTRC,0,0
Q9UM11,FZR1,BTRC,0,0
P54274,TERF1,BTRC,0,0
Q15717,ELAVL1,BTRC,1,1
P18887,XRCC1,BTRC,1,2
Q15653,NFKBIB,BTRC,0,0
Q8TB45,DEPTOR,BTRC,1,1
Q14247,CTTN,BTRC,0,0
P01112,HRAS,BTRC,0,0
Q9HAW4,CLSPN,BTRC,1,1
P10071,GLI3,BTRC,1,1
A0A1B0GVQ0,SPAAR,BTRC,0,0
Q15672,TWIST1,BTRC,0,0
Q00987,MDM2,BTRC,0,0
O15111,CHUK,BTRC,0,0
P04637,TP53,BTRC,0,0
P30304,CDC25A,BTRC,0,0
P51617,IRAK1,BTRC,1,1
P98174,FGD1,BTRC,0,0
Q13651,IL10RA,BTRC,0,0
O95863,SNAI1,BTRC,0,0
P42574,CASP3,BTRC,0,0
Q9GZV5,WWTR1,BTRC,0,0
Q9ULT6,ZNRF3,BTRC,0,0
P02786,TFRC,BTRC,0,0
O60346,PHLPP1,BTRC,0,0
O75365,PTP4A3,BTRC,0,0
Q9NX09,DDIT4,BTRC,1,1
P01730,CD4,BTRC,0,0
P62324,BTG1,BTRC,1,1
P35222,CTNNB1,BTRC,0,0
Q92538,GBF1,BTRC,0,0
Q96T88,UHRF1,BTRC,0,0
Q5JSP0,FGD3,BTRC,0,0
Q8N668,COMMD1,BTRC,0,0
Q8TDM6,DLG5,BTRC,1,2
P84022,SMAD3,BTRC,0,0
Q00613,HSF1,BTRC,1,1
P30291,WEE1,BTRC,1,2
O43734,TRAF3IP2,BTRC,0,0
P18848,ATF4,BTRC,0,0
P02751,FN1,BTRC,0,0
Q16635,TAZ,BTRC,0,0
Q9NS37,CREBZF,BTRC,1,1
P53805,RCAN1,BTRC,0,0
P35968,KDR,BTRC,0,0
O00221,NFKBIE,BTRC,0,0
Q14494,NRF1,BTRC,0,0
Q14494,NFE2L1,BTRC,0,0
O14503,BHLHE40,BTRC,0,0
P32314,FOXN2,BTRC,0,0
P50579,METAP2,BTRC,0,0
P06493,CDK1,BTRC,0,0
P16471,PRLR,BTRC,0,0
P78543,BTG2,BTRC,1,1
Q8NF37,LPCAT1,BTRC,0,0
Q9BZB8,CPEB1,BTRC,0,0
P19838,NFKB1,BTRC,0,0
Q01664,TFAP4,BTRC,1,1
P10912,GHR,BTRC,0,0
Q13127,REST,BTRC,0,0
O95999,BCL10,BTRC,0,0
Q13485,SMAD4,BTRC,0,0
Q6PGQ7,BORA,BTRC,1,2
Q96K76,USP47,BTRC,0,0
O43521,BCL2L11,BTRC,0,0
Q92539,LPIN2,BTRC,0,0
Q16875,PFKFB3,BTRC,0,0
Q86T82,USP37,BTRC,0,0
P30305,CDC25B,BTRC,1,1
Q8N907,SP1,BTRC,0,0
Q13563,PKD2,BTRC,0,0
P17181,IFNAR1,BTRC,0,0
O43524,FOXO3,BTRC,0,0
P10070,GLI2,BTRC,0,0
P78545,ELF3,BTRC,0,0
P15260,IFNGR1,BTRC,0,0
Q16236,NFE2L2,BTRC,0,0
P55036,PSMD4,BTRC,0,0
P25963,NFKBIA,BTRC,0,0
Q8N907,DAND5,BTRC,0,0
O00444,PLK4,BTRC,0,0
Q9NYP9,MIS18A,BTRC,0,0
Q8IYD8,FANCM,BTRC,0,0
Q9UM11,CDH1,BTRC,0,0
Q76N32,CEP68,BTRC,0,0
Q07820,MCL1,BTRC,0,0
Q00653,NFKB2,BTRC,0,0
Q12959,DLG1,BTRC,1,1
O00418,EEF2K,BTRC,0,0
Q92519,TRIB2,BTRC,0,0
P50539,MXI1,BTRC,0,0
O95863,SNAI1,FBXO22,0,0
P35613,BSG,FBXO22,0,0
O95817,BAG3,FBXO22,1,4
O60346,PHLPP1,FBXO22,0,0
O75164,KDM4A,FBXO22,0,0
O14867,BACH1,FBXO22,0,0
P04637,TP53,FBXO22,0,0
P60484,PTEN,FBXO22,0,0
O43474,KLF4,FBXO22,0,0
Q00987,MDM2,FBXO22,0,0
O94953,KDM4B,FBXO22,0,0
Q00987,MDM2,FBXO31,0,0
Q9NPB6,PARD6A,FBXO31,0,0
O95863,SNAI1,FBXO31,0,0
P52564,MAP2K6,FBXO31,0,0
P30279,CCND2,FBXO31,0,0
Q9Y6B2,EID1,FBXO21,0,0
P24468,NR2F2,FBXO21,0,0
P08183,ABCB1,FBXO21,0,0
P49585,PCYT1A,FBXL2,1,1
Q96GD4,AURKB,FBXL2,0,0
Q96P20,NLRP3,FBXL2,1,1
P30281,CCND3,FBXL2,0,0
Q14573,ITPR3,FBXL2,0,0
P05067,APP,FBXL2,0,0
P30279,CCND2,FBXL2,0,0
O00459,PIK3R2,FBXL2,0,0
Q08050,FOXM1,FBXL2,1,2
Q16526,CRY1,FBXL3,0,0
Q49AN0,CRY2,FBXL3,1,1
Q9UPW8,UNC13A,FBXO44,0,0
P38398,BRCA1,FBXO44,1,1
P48200,IREB2,FBXL5,0,0
O95863,SNAI1,FBXL5,0,0
Q9BQ15,NABP2,FBXL5,0,0
Q14203,DCTN1,FBXL5,1,1
P37840,SNCA,FBXL5,0,0
P00519,ABL1,FBXL5,0,0
O43474,KLF4,FBXO32,0,0
Q9Y6J0,CABIN1,FBXO32,0,0
Q14896,MYBPC3,FBXO32,0,0
O00303,EIF3F,FBXO32,1,1
P19429,TNNI3,FBXO32,0,0
Q16558,KCNMB1,FBXO32,0,0
P15172,MYOD1,FBXO32,0,0
P15173,MYOG,FBXO32,0,0
P20848,ATR,FBXO32,0,0
Q9UBF9,MYOT,FBXO32,0,0
P28562,DUSP1,FBXO32,0,0
P61371,ISL1,FBXO25,0,0
P52952,NKX2-5,FBXO25,0,0
P19419,ELK1,FBXO25,1,1
O96004,HAND1,FBXO25,0,0
P13473,LAMP2,FBXO27,0,0
Q14653,IRF3,FBXO6,0,0
O00584,RNASET2,FBXO6,0,0
O14757,CHEK1,FBXO6,0,0
Q9BRS2,RIOK1,FBXO6,0,0
Q96HE7,ERO1A,FBXO6,0,0
P02786,TFRC,FBXO6,0,0
O75882,ATRN,FBXO6,0,0
Q13490,BIRC2,FBXO7,0,0
Q96SW2,CRBN,FBXO7,0,0
O75398,SPN,FBXO7,1,1
Q15398,DLGAP5,FBXO7,1,1
Q12933,TRAF2,FBXO7,0,0
O43156,TTI1,FBXO9,0,0
Q9H2A3,NEUROG2,FBXO9,0,0
Q9Y4R8,TELO2,FBXO9,1,1
O95863,SNAI1,FBXL7,0,0
P12931,SRC,FBXL7,1,1
O14965,AURKA,FBXL7,0,0
O15392,BIRC5,FBXL7,1,1
Q9BX63,BRIP1,FBXL17,1,2
Q9UMX1,SUFU,FBXL17,0,0
O14867,BACH1,FBXL17,0,0
P53805,RCAN1,FBXW11,0,0
Q76N32,CEP68,FBXW11,0,0
O15111,CHUK,FBXW11,0,0
P30305,CDC25B,FBXW11,1,1
Q8IYD8,FANCM,FBXW11,0,0
O15055,PER2,FBXW11,0,0
P17181,IFNAR1,FBXW11,0,0
P25963,NFKBIA,FBXW11,0,0
Q12959,DLG1,FBXW11,1,1
Q8TB45,DEPTOR,FBXW11,1,1
P46937,YAP1,FBXW11,0,0
O15534,PER1,FBXW11,0,0
P30291,WEE1,FBXW11,1,2
O00444,PLK4,FBXW11,0,0
O14920,IKBKB,FBXW11,0,0
P16471,PRLR,FBXW11,0,0
P35222,CTNNB1,FBXW11,0,0
O60343,TBC1D4,FBXW11,0,0
P19838,NFKB1,FBXW11,0,0
Q9HAW4,CLSPN,FBXW11,1,1
Q9P2F8,SIPA1L2,FBXW11,1,3
Q13127,REST,FBXW11,0,0
Q9NX09,DDIT4,FBXW11,1,1
O14503,BHLHE40,FBXW11,0,0
P30304,CDC25A,FBXW11,0,0
O00308,WWP2,FBXL15,0,0
Q9HAU4,SMURF2,FBXL15,0,0
Q9HCE7,SMURF1,FBXL15,0,0
P54274,TERF1,FBXO4,0,0
P05362,ICAM1,FBXO4,1,1
Q07820,MCL1,FBXO4,0,0
P51114,FXR1,FBXO4,0,0
P04637,TP53,FBXO42,0,0
P49815,TSC2,FBXW5,1,1
Q12929,EPS8,FBXW5,0,0
Q9Y238,DLEC1,FBXW5,0,0
P63167,DLC1,FBXW5,0,0
Q6UVJ0,SASS6,FBXW5,0,0
O95863,SNAI1,FBXO11,0,0
Q9NZJ0,DTL,FBXO11,1,1
P41182,BCL6,FBXO11,1,1
O75626,PRDM1,FBXO11,0,0
