gene_name,accession,lr_probability,xgb_probability,ensemble_probability
IFNGR1,P15260,0.9739,0.9979,0.9859
RPN1,P04843,0.9795,0.9872,0.9833
FBXO5,Q9UKT4,0.9864,0.9784,0.9824
KNL1,Q8NG31,0.9736,0.987,0.9803
AXIN2,Q9Y2T1,0.9623,0.9953,0.9788
MAP3K20,Q9NYL2,0.9558,0.998,0.9769
SNAPC4,Q5SXM2,0.9591,0.9926,0.9758
TSC22D1,Q15714,0.9626,0.9861,0.9743
ADD1,P35611,0.9529,0.9883,0.9706
CREBBP,Q92793,0.9581,0.9683,0.9632
E2F4,Q16254,0.9586,0.9637,0.9612
PFKFB3,Q16875,0.9609,0.9594,0.9602
MADD,Q8WXG6,0.9537,0.9649,0.9593
NFKBIE,O00221,0.9571,0.9427,0.9499
YTHDC1,Q96MU7,0.9552,0.9422,0.9487
ZC3H12A,Q5D1E8,0.9596,0.9316,0.9456
CTNNB1,P35222,0.9577,0.9293,0.9435
NFKBIB,Q15653,0.951,0.9174,0.9342
FOXN3,O00409,0.961,0.8753,0.9182
CCL20,P78556,0.9531,0.8764,0.9148
NFKBIA,P25963,0.969,0.8269,0.8979
TMEM97,Q5BJF2,0.91,0.8764,0.8932
CCL4,P13236,0.9096,0.8764,0.893
IFNB1,P01574,0.9015,0.8764,0.889
CCL5,P13501,0.8957,0.8764,0.886
MPC2,O95563,0.8905,0.8764,0.8835
TIMP1,P01033,0.8887,0.8764,0.8826
CCT6A,P40227,0.7664,0.9939,0.8802
CUL5,Q93034,0.7578,0.9939,0.8759
DKK1,O94907,0.7835,0.9652,0.8744
SLC37A4,O43826,0.7479,0.9945,0.8712
BCL2A1,Q16548,0.8658,0.8764,0.8711
TLR2,O60603,0.8521,0.8764,0.8642
CD9,P21926,0.8495,0.8764,0.8629
ATP6V1D,Q9Y5K8,0.7406,0.974,0.8573
GADD45B,O75293,0.7245,0.9881,0.8563
PSME3,P61289,0.7212,0.9893,0.8552
CDK2,P24941,0.8333,0.8764,0.8548
CDK1,P06493,0.8301,0.8764,0.8532
PSMC4,P43686,0.7463,0.9563,0.8513
PSMB5,P28074,0.7544,0.9477,0.851
SCD,O00767,0.7131,0.9881,0.8506
WNT5B,Q9H1J7,0.7125,0.9881,0.8503
IL18,Q14116,0.71,0.9881,0.8491
POLR2I,P36954,0.7122,0.985,0.8486
TBK1,Q9UHD2,0.7086,0.9881,0.8483
CXCL6,P80162,0.7375,0.9563,0.8469
RIT1,Q92963,0.742,0.9512,0.8466
POLR1H,Q9P1U0,0.7362,0.9563,0.8463
PLAU,P00749,0.7709,0.9209,0.8459
FKBP2,P26885,0.6999,0.9881,0.844
CCNG1,P51959,0.8529,0.8328,0.8429
RBX1,P62877,0.7852,0.8999,0.8425
DCN,P07585,0.693,0.9881,0.8406
CYP51A1,Q16850,0.7527,0.9232,0.8379
CD38,P28907,0.7518,0.9232,0.8375
SPSB1,Q96BD6,0.7469,0.9232,0.835
TIMP2,P16035,0.745,0.9232,0.8341
SLC38A1,Q9H2H9,0.7115,0.9563,0.8339
RFC3,P40938,0.7895,0.8764,0.833
EEF1E1,O43324,0.739,0.9232,0.8311
SUV39H1,O43463,0.7853,0.8764,0.8308
HSPE1,P61604,0.7845,0.8764,0.8305
DGUOK,Q16854,0.6853,0.974,0.8296
SERPINE1,P05121,0.7799,0.8764,0.8281
CXCL1,P09341,0.6967,0.9563,0.8265
ERCC2,P18074,0.7764,0.8764,0.8264
ATP2A2,P16615,0.6598,0.99,0.8249
MT2A,P02795,0.97,0.6778,0.8239
IMPDH2,P12268,0.7593,0.8854,0.8224
COPS5,Q92905,0.6631,0.9815,0.8223
PLAT,P00750,0.6877,0.9563,0.822
CSF2,P04141,0.6494,0.9933,0.8214
TNFAIP8,O95379,0.6458,0.9933,0.8195
OLR1,P78380,0.6449,0.9937,0.8193
MMP2,P08253,0.6448,0.9933,0.819
MLLT11,Q13015,0.6725,0.964,0.8182
GPR183,P32249,0.6626,0.9719,0.8172
B4GALT5,O43286,0.6684,0.9657,0.817
BGN,P21810,0.6387,0.99,0.8144
BTG2,P78543,0.6305,0.9952,0.8129
SLC7A5,Q01650,0.6334,0.99,0.8117
SLC7A11,Q9UPY5,0.6255,0.9952,0.8104
PDK1,Q15118,0.6247,0.9952,0.8099
ACTR2,P61160,0.7321,0.8875,0.8098
RALA,P11233,0.6254,0.993,0.8092
CUL4A,Q13619,0.6184,0.9967,0.8075
NCSTN,Q92542,0.6165,0.9967,0.8066
WNT1,P04628,0.6098,0.9952,0.8025
SC5D,O75845,0.6508,0.9538,0.8023
ODC1,P11926,0.61,0.9943,0.8022
TSPO,P30536,0.8551,0.7486,0.8019
YKT6,O15498,0.6473,0.9538,0.8006
FANCC,Q00597,0.7456,0.8534,0.7995
ORC5,O43913,0.7423,0.8534,0.7978
HSPD1,P10809,0.5997,0.9943,0.797
PRF1,P14222,0.6175,0.9765,0.797
CXCL3,P19876,0.7396,0.8534,0.7965
ICOSLG,O75144,0.6326,0.9596,0.7961
PSMC6,P62333,0.6311,0.9594,0.7953
MTHFD2,P13995,0.5961,0.9943,0.7952
H2AZ2,Q71UI9,0.5958,0.9943,0.7951
AK4,P27144,0.6357,0.9519,0.7938
SDCBP,O00560,0.7336,0.8534,0.7935
RPA3,P35244,0.7505,0.8353,0.7929
GNAI1,P63096,0.7495,0.8353,0.7924
SERPINH1,P50454,0.607,0.9765,0.7917
CXCL2,P19875,0.7288,0.8534,0.7911
PLEK,P08567,0.728,0.8534,0.7907
POLR1C,O15160,0.6046,0.9765,0.7906
EREG,O14944,0.6687,0.9112,0.7899
YRDC,Q86U90,0.6178,0.9596,0.7887
MAD2L1,Q13257,0.646,0.9313,0.7886
CDA,P32320,0.6453,0.9313,0.7883
BTG1,P62324,0.616,0.9596,0.7878
LGMN,Q99538,0.64,0.9313,0.7856
ERCC8,Q13216,0.6013,0.9689,0.7851
POLR1D,P0DPB6,0.6087,0.9605,0.7846
PTGS2,P35354,0.6371,0.9313,0.7842
CXCL11,O14625,0.89,0.6778,0.7839
PSPH,P78330,0.6269,0.9286,0.7778
NAMPT,P43490,0.5896,0.959,0.7743
TM7SF2,O76062,0.6146,0.9286,0.7716
RFC2,P35250,0.6079,0.9324,0.7702
ELOVL5,Q9NYP7,0.6856,0.8534,0.7695
PTTG3P,Q9NZH4,0.5853,0.9499,0.7676
BIK,Q13323,0.5667,0.9666,0.7667
CCNA1,P78396,0.6671,0.8576,0.7624
ACTR3,P61158,0.7242,0.7967,0.7604
SLC2A1,P11166,0.7229,0.7967,0.7598
PLOD2,O00469,0.7223,0.7967,0.7595
IL12B,P29460,0.7173,0.7967,0.757
MNAT1,P51948,0.532,0.9819,0.757
TES,Q9UGI8,0.5318,0.9819,0.7569
SERPINB2,P05120,0.5551,0.9579,0.7565
UMPS,P11172,0.7152,0.7967,0.7559
CKS1B,P61024,0.7074,0.7967,0.752
DDB1,Q16531,0.7037,0.7967,0.7502
PFKL,P17858,0.7026,0.7967,0.7496
IL23A,Q9NPF7,0.5351,0.962,0.7485
VPS28,Q9UK41,0.6998,0.7967,0.7482
PTTG1,O95997,0.574,0.9188,0.7464
GTF2H5,Q6ZYL4,0.9251,0.5673,0.7462
CKS2,P33552,0.6934,0.7967,0.745
EGLN3,Q9H6Z9,0.6923,0.7967,0.7445
EIF1B,O60739,0.8077,0.6778,0.7427
RAD54L,Q92698,0.5393,0.9446,0.742
TUBG1,P23258,0.6865,0.7967,0.7416
IFNGR2,P38484,0.7555,0.7274,0.7414
LIF,P15018,0.8225,0.6583,0.7404
TGFB2,P61812,0.573,0.9077,0.7404
EDN1,P05305,0.5822,0.8966,0.7394
EIF1,P41567,0.801,0.6778,0.7394
QDPR,P09417,0.6046,0.8716,0.7381
CYB5B,O43169,0.5161,0.9585,0.7373
KPNB1,Q14974,0.598,0.8716,0.7348
AK1,P00568,0.5955,0.8716,0.7336
CDKN2C,P42773,0.6681,0.7967,0.7324
HK2,P52789,0.6678,0.7967,0.7322
RHOB,P62745,0.6673,0.7967,0.732
SLC2A3,P11169,0.6671,0.7967,0.7319
KIF20B,Q96Q89,0.4936,0.9687,0.7311
PSMD13,Q9UNM6,0.7381,0.7217,0.7299
TIMP3,P35625,0.7903,0.6583,0.7243
RHOT2,Q8IXI1,0.5557,0.8923,0.724
MTHFD2L,Q9H903,0.555,0.8923,0.7236
PGK1,P00558,0.5897,0.8534,0.7216
CANT1,Q8WVQ1,0.5498,0.8923,0.721
ADA,P00813,0.5838,0.8534,0.7186
SOD2,P04179,0.7169,0.72,0.7185
IDI1,Q13907,0.5825,0.8534,0.718
NINJ1,Q92982,0.5907,0.8442,0.7174
PPA1,Q15181,0.58,0.8534,0.7167
HUS1,O60921,0.5301,0.8997,0.7149
IFITM3,Q01628,0.7715,0.6566,0.714
SAP30,O75446,0.4939,0.9327,0.7133
AIFM3,Q96NN9,0.5155,0.9089,0.7122
UBE2C,O00762,0.5239,0.8997,0.7118
GTF2H3,Q13889,0.6124,0.8105,0.7114
CASP3,P42574,0.4867,0.9355,0.7111
PNP,P00491,0.6999,0.72,0.71
TTK,P33981,0.547,0.8682,0.7076
NCBP2,P52298,0.6914,0.72,0.7057
NFE2L2,Q16236,0.435,0.9703,0.7027
GTF2B,Q00403,0.4997,0.9003,0.7
GBE1,Q04446,0.6407,0.7561,0.6984
PHGDH,O43175,0.6751,0.72,0.6976
GLA,P06280,0.7278,0.6667,0.6973
PGM1,P36871,0.6382,0.7561,0.6972
BOLA2,Q9H3K6,0.6706,0.72,0.6953
ALDOA,P04075,0.6238,0.764,0.6939
NT5C,Q8TCD5,0.7419,0.6433,0.6926
PSMD12,O00232,0.6219,0.7589,0.6904
NEDD9,Q14511,0.3952,0.9835,0.6893
DNAJB4,Q9UDY4,0.525,0.8529,0.6889
DPYD,Q12882,0.6091,0.764,0.6865
PLAUR,Q03405,0.6821,0.6888,0.6855
SYNCRIP,O60506,0.3795,0.9901,0.6848
PCNA,P12004,0.6489,0.72,0.6845
ID2,Q02363,0.4908,0.8781,0.6844
SRSF1,Q07955,0.3767,0.9916,0.6842
ACSL3,O95573,0.5923,0.7747,0.6835
CXCL10,P02778,0.5905,0.7747,0.6826
CTSC,P53634,0.589,0.7747,0.6819
HNRNPD,Q14103,0.3967,0.9669,0.6818
FOSL2,P15408,0.3932,0.9551,0.6742
KIF15,Q9NS87,0.3736,0.9692,0.6714
PSEN2,P49810,0.3806,0.9616,0.6711
BID,P55957,0.6321,0.7078,0.6699
IFIT2,P09913,0.5472,0.7898,0.6685
LITAF,Q99732,0.5715,0.7606,0.666
BCL10,O95999,0.373,0.9504,0.6617
SNN,O75324,0.6342,0.6794,0.6568
MXD1,Q05195,0.3708,0.9398,0.6553
ERBB3,P21860,0.3695,0.9398,0.6546
CCNA2,P20248,0.3735,0.9337,0.6536
PDGFRB,P09619,0.318,0.9783,0.6482
BCL2L1,Q07817,0.3771,0.9154,0.6462
DHFR,P00374,0.7549,0.5369,0.6459
TSG101,Q99816,0.3826,0.9089,0.6457
SMAD3,P84022,0.3761,0.9133,0.6447
UBE2D3,P61077,0.7513,0.5369,0.6441
CDC6,Q99741,0.3617,0.9232,0.6424
POLR3GL,Q9BT43,0.3397,0.9442,0.642
NUPR1,O60356,0.326,0.9528,0.6394
CCNF,P41002,0.4051,0.8678,0.6365
RACGAP1,Q9H0H5,0.475,0.7931,0.634
TENT4A,Q5XG87,0.3624,0.9049,0.6337
SLC1A4,P43007,0.4372,0.8301,0.6336
PSMG1,O95456,0.3806,0.8843,0.6324
MAML1,Q92585,0.393,0.8715,0.6323
TNIP1,Q15025,0.3223,0.9393,0.6308
GADD45A,P24522,0.6827,0.5786,0.6307
TNFAIP2,Q03169,0.3364,0.9202,0.6283
F3,P13726,0.6177,0.6319,0.6248
PML,P29590,0.3245,0.9241,0.6243
GSK3B,P49841,0.3634,0.8833,0.6233
CCND1,P24385,0.3631,0.8833,0.6232
RELA,Q04206,0.3413,0.9048,0.6231
ATRX,P46100,0.3743,0.8681,0.6212
ACKR3,P25106,0.893,0.3487,0.6208
SOCS3,O14543,0.3673,0.8713,0.6193
TIPARP,Q7Z3E1,0.3466,0.8835,0.615
PTPRE,P23469,0.3077,0.9171,0.6124
TCEA1,P23193,0.4039,0.8203,0.6121
LMNB1,P20700,0.3496,0.8678,0.6087
PRIM2,P49643,0.3932,0.8203,0.6068
SNRPD1,P62314,0.3454,0.8678,0.6066
EMP1,P54849,0.9617,0.2502,0.606
HGF,P14210,0.7428,0.4617,0.6023
CETN2,P41208,0.3973,0.807,0.6021
SLC16A6,O15403,0.7391,0.4597,0.5994
CASP8,Q14790,0.56,0.637,0.5985
BMF,Q96LC9,0.3842,0.8073,0.5958
IFI30,P13284,0.7294,0.4617,0.5956
PMAIP1,Q13794,0.3827,0.8026,0.5927
CACYBP,Q9HB71,0.5415,0.637,0.5892
CD69,Q07108,0.5401,0.637,0.5886
CXCR4,P61073,0.8271,0.3487,0.5879
PSMD14,O00487,0.5367,0.637,0.5869
SKP2,Q13309,0.5127,0.6608,0.5867
CLCF1,Q9UBD9,0.5092,0.6608,0.585
HEY2,Q9UBP5,0.4821,0.6791,0.5806
NHERF1,O14745,0.3442,0.8115,0.5778
RRM2B,Q7LG56,0.3839,0.7686,0.5763
E2F2,Q14209,0.3578,0.7873,0.5726
GSDME,O60443,0.7084,0.4352,0.5718
RPS6KA5,O75582,0.389,0.7525,0.5708
TNFSF10,P50591,0.5732,0.5655,0.5694
F2RL1,P55085,0.7888,0.3487,0.5688
CASP7,P55210,0.569,0.5655,0.5673
ITGB2,P05107,0.4473,0.6832,0.5653
ELOVL6,Q9H5J4,0.8802,0.2502,0.5652
TROAP,Q12815,0.3951,0.7308,0.5629
HMGN2,P05204,0.3301,0.7801,0.5551
POLR2K,P53803,0.4173,0.6849,0.5511
GSR,P00390,0.5529,0.5468,0.5499
SRD5A1,P18405,0.8494,0.2502,0.5498
DDX39A,O00148,0.3261,0.7705,0.5483
DHCR24,Q15392,0.8462,0.2502,0.5482
PRC1,O43663,0.3872,0.7065,0.5469
PAFAH1B1,P43034,0.539,0.5536,0.5463
SEC11A,P67812,0.8406,0.2502,0.5454
NME1,P15531,0.7183,0.3703,0.5443
UFM1,P61960,0.8372,0.2502,0.5437
LUM,P51884,0.8306,0.2502,0.5404
CDKN3,Q16667,0.5269,0.5536,0.5403
IL7R,P16871,0.608,0.4717,0.5399
GFPT2,O94808,0.5235,0.5536,0.5386
RAD52,P43351,0.3574,0.7176,0.5375
RFC5,P40937,0.5191,0.5536,0.5364
TFDP1,Q14186,0.3386,0.7331,0.5358
XPO1,O14980,0.5167,0.5536,0.5351
TPI1,P60174,0.6977,0.3703,0.534
RIGI,O95786,0.6657,0.4008,0.5332
POLR2D,O15514,0.5119,0.5536,0.5327
PRDX1,Q06830,0.6927,0.3703,0.5315
GAPDH,P04406,0.6907,0.3703,0.5305
ARL6IP1,Q15041,0.7339,0.3267,0.5303
NT5C3A,Q9H0P0,0.8076,0.2502,0.5289
KYNU,Q16719,0.6871,0.3703,0.5287
EBP,Q15125,0.6868,0.3703,0.5285
PURA,Q00577,0.3891,0.6679,0.5285
PPT1,P50897,0.8056,0.2502,0.5279
TANK,Q92844,0.5962,0.4567,0.5264
IDH1,O75874,0.6773,0.3703,0.5238
HPRT1,P00492,0.7943,0.2502,0.5223
DHCR7,Q9UBM7,0.7939,0.2502,0.522
DFFA,O00273,0.3498,0.6935,0.5217
SERPINB8,P50452,0.7918,0.2502,0.521
TNF,P01375,0.6411,0.4008,0.521
M6PR,P20645,0.6406,0.4008,0.5207
UNG,P13051,0.3632,0.6777,0.5205
HDAC2,Q92769,0.3626,0.6777,0.5202
RETSAT,Q6NUM9,0.6701,0.3703,0.5202
ISG20,Q96AZ6,0.7258,0.3138,0.5198
ENO1,P06733,0.7212,0.3138,0.5175
NME3,Q13232,0.7844,0.2502,0.5173
POLR2J,P52435,0.8038,0.2261,0.5149
HSPA8,P11142,0.3724,0.6571,0.5147
GOT1,P17174,0.6579,0.3703,0.5141
NUSAP1,Q9BXS6,0.3714,0.6563,0.5138
GNA15,P30679,0.7769,0.2502,0.5136
PPP3R1,P63098,0.776,0.2502,0.5131
SHMT2,P34897,0.5488,0.475,0.5119
RAB1A,P62820,0.6969,0.3267,0.5118
RFC4,P35249,0.5951,0.4281,0.5116
TNFAIP6,P98066,0.5337,0.4887,0.5112
VDAC2,P45880,0.7715,0.2502,0.5109
RRM2,P31350,0.5874,0.4333,0.5104
POLR2G,P62487,0.6504,0.3703,0.5103
DUSP1,P28562,0.7937,0.2256,0.5096
LTA4H,P09960,0.6488,0.3703,0.5096
PRMT5,O14744,0.5443,0.475,0.5096
DAD1,P61803,0.9352,0.0838,0.5095
RDH11,Q8TC12,0.7687,0.2502,0.5095
DAP,P51397,0.3276,0.6905,0.5091
PITPNB,P48739,0.6465,0.3703,0.5084
PPIA,P62937,0.6447,0.3703,0.5075
ZFP36,P26651,0.4636,0.551,0.5073
DKC1,O60832,0.3911,0.623,0.507
POLB,P06746,0.5377,0.475,0.5063
GUK1,Q16774,0.5297,0.4818,0.5058
BCAT1,P54687,0.7836,0.2261,0.5049
DAPP1,Q9UN19,0.6831,0.3267,0.5049
NFX1,Q12986,0.3518,0.6558,0.5038
IL1A,P01583,0.7913,0.2103,0.5008
ASNS,P08243,0.7753,0.2261,0.5007
AK3,Q9UIJ7,0.4941,0.5032,0.4987
RAE1,P78406,0.5131,0.4818,0.4975
UPF1,Q92900,0.3486,0.6461,0.4974
IL6,P05231,0.4813,0.5108,0.496
DRAM1,Q8N682,0.9074,0.0838,0.4956
HBEGF,Q99075,0.5289,0.4572,0.4931
FDXR,P22570,0.4827,0.5032,0.4929
BCL2L2,Q92843,0.5198,0.4658,0.4928
POLR2E,P19388,0.5036,0.4818,0.4927
CCL2,P13500,0.5423,0.4361,0.4892
NUDT21,O43809,0.5793,0.3985,0.4889
PEA15,Q15121,0.6817,0.294,0.4878
SQLE,Q14534,0.4637,0.5108,0.4872
SMC2,O95347,0.5148,0.457,0.4859
SURF1,Q15526,0.6103,0.3614,0.4858
NPR2,P20594,0.5365,0.4312,0.4839
GSN,P06396,0.475,0.492,0.4835
IGFBP6,P24592,0.3602,0.6058,0.483
SATB1,Q01826,0.334,0.631,0.4825
WEE1,P30291,0.3338,0.631,0.4824
POLR3C,Q9BUI4,0.3295,0.635,0.4822
BCAM,P50895,0.347,0.6172,0.4821
RAD51,Q06609,0.563,0.3985,0.4807
CMPK2,Q5EBM0,0.5482,0.4131,0.4806
CFLAR,O15519,0.6657,0.294,0.4798
HDAC11,Q96DB2,0.5606,0.3985,0.4796
STARD4,Q96DR4,0.8747,0.0838,0.4793
CDK4,P11802,0.5194,0.4389,0.4792
TMPO,P42166,0.3935,0.5602,0.4769
RBM14,Q96PK6,0.445,0.5055,0.4753
SAT1,P21673,0.8636,0.0838,0.4737
SEC61A1,P61619,0.8559,0.0824,0.4692
SUPT4H1,P63272,0.8546,0.0838,0.4692
CDC25B,P30305,0.3558,0.5815,0.4686
APRT,P07741,0.8521,0.0838,0.4679
NFAT5,O94916,0.3953,0.5374,0.4664
TAF1C,Q15572,0.3536,0.5689,0.4612
GLRX,P35754,0.8381,0.0838,0.461
H2AZ1,P0C0S5,0.5428,0.3784,0.4606
DTYMK,P23919,0.8362,0.0838,0.46
ATP5MC1,P05496,0.8957,0.022,0.4589
FADS1,O60427,0.4816,0.4316,0.4566
BIRC5,O15392,0.5731,0.3319,0.4525
AMD1,P17707,0.572,0.3319,0.4519
G6PD,P11413,0.5695,0.3319,0.4507
NME4,O00746,0.5522,0.3476,0.4499
G0S2,P27469,0.6882,0.2107,0.4495
PSMA3,P25788,0.3488,0.5484,0.4486
DCTN4,Q9UJW0,0.5489,0.3476,0.4482
STAT5A,P42229,0.5471,0.3476,0.4473
PBK,Q96KB5,0.544,0.3476,0.4458
POLA2,Q14181,0.5199,0.3716,0.4457
GINS2,Q9Y248,0.5587,0.3319,0.4453
CASP6,P55212,0.5427,0.3476,0.4452
CCN1,O00622,0.721,0.1674,0.4442
POLR2H,P52434,0.5162,0.3716,0.4439
CAV1,Q03135,0.8122,0.0748,0.4435
MEIS2,O14770,0.3754,0.5109,0.4431
TNFRSF12A,Q9NP84,0.8518,0.0343,0.4431
F2,P00734,0.5356,0.3476,0.4416
NELFE,P18615,0.3559,0.523,0.4395
PSMC2,P35998,0.4893,0.3887,0.439
INSIG1,O15503,0.5081,0.3674,0.4378
PIK3R3,Q92569,0.4852,0.3887,0.4369
SF3A3,Q12874,0.3725,0.4941,0.4333
CD14,P08571,0.4933,0.3716,0.4324
BCL2L10,Q9HD36,0.4923,0.3716,0.4319
GMPR2,Q9P2T1,0.7684,0.0838,0.4261
ITPA,Q9BY32,0.7661,0.0838,0.425
TXNIP,Q9H3M7,0.5398,0.31,0.4249
ENO2,P09104,0.7624,0.0838,0.4231
PSAT1,Q9Y617,0.7624,0.0838,0.4231
GSTM1,P09488,0.7602,0.0838,0.422
TFRC,P02786,0.579,0.263,0.421
LDHA,P00338,0.7578,0.0838,0.4208
IL1B,P01584,0.7064,0.1322,0.4193
SUPT5H,O00267,0.3228,0.5131,0.4179
PLPP3,O14495,0.5666,0.2688,0.4177
BNIP3L,O60238,0.3714,0.4621,0.4168
AURKB,Q96GD4,0.5162,0.31,0.4131
TMED2,Q15363,0.5966,0.2286,0.4126
CHMP1A,Q9HD42,0.5418,0.2729,0.4074
MTF2,Q9Y483,0.4823,0.3324,0.4073
NEK2,P51955,0.5415,0.2729,0.4072
MCM6,Q14566,0.5686,0.2436,0.4061
STX3,Q13277,0.5831,0.2231,0.4031
DUSP4,Q13115,0.5301,0.2729,0.4015
CCRL2,O00421,0.5188,0.2729,0.3959
SLC20A1,Q8WUM9,0.5927,0.1962,0.3945
EGR1,P18146,0.421,0.3674,0.3942
G3BP1,Q13283,0.3315,0.4531,0.3923
CFP,P27918,0.6056,0.1784,0.392
HMGCR,P04035,0.6495,0.1339,0.3917
FGL2,Q14314,0.5487,0.2324,0.3905
KLF9,Q13886,0.3858,0.3929,0.3894
MAFF,Q9ULX9,0.3489,0.4225,0.3857
NUP205,Q92621,0.5692,0.2019,0.3855
LAMB3,Q13751,0.569,0.2019,0.3854
MARCKS,P29966,0.3708,0.4,0.3854
GUCY2D,Q02846,0.4964,0.2708,0.3836
BMP2,P12643,0.4513,0.3123,0.3818
KLF4,O43474,0.4344,0.317,0.3757
ERO1A,Q96HE7,0.6717,0.0761,0.3739
ACACA,Q13085,0.4389,0.3,0.3694
XIAP,P98170,0.6695,0.0644,0.367
VLDLR,P98155,0.6571,0.0761,0.3666
CDKN1A,P38936,0.3633,0.3697,0.3665
CCNB2,O95067,0.4673,0.2621,0.3647
F2R,P25116,0.664,0.0644,0.3642
BUB3,O43684,0.5421,0.1838,0.3629
TGFB1,P01137,0.4169,0.3074,0.3622
E2F1,Q01094,0.387,0.3367,0.3618
PPARD,Q03181,0.3299,0.391,0.3604
ADIPOR2,Q86V24,0.398,0.3107,0.3544
TAF13,Q15543,0.3961,0.3107,0.3534
SMC1A,Q14683,0.393,0.3107,0.3518
DGCR8,Q8WYQ5,0.3606,0.3416,0.3511
NOTCH4,Q99466,0.3851,0.3166,0.3508
EWSR1,Q01844,0.3718,0.3258,0.3488
TGFBR3,Q03167,0.4092,0.2871,0.3481
RASAL2,Q9UJF2,0.3866,0.3093,0.3479
NDC80,O14777,0.5865,0.1034,0.345
POLR3G,O15318,0.3517,0.3383,0.345
POM121,Q96HA1,0.3901,0.2937,0.3419
DIABLO,Q9NR28,0.4125,0.2702,0.3414
B4GALT1,P15291,0.3507,0.3318,0.3413
DUSP5,Q16690,0.615,0.0622,0.3386
BCL2L11,O43521,0.3541,0.322,0.3381
ANXA1,P04083,0.5619,0.11,0.336
MCM5,P33992,0.6094,0.0622,0.3358
FAS,P25445,0.574,0.0958,0.3349
CLU,P10909,0.62,0.0477,0.3339
CDC7,O00311,0.6014,0.0651,0.3332
TAP1,Q03518,0.6172,0.0477,0.3325
KRT18,P05783,0.59,0.0736,0.3318
DBF4,Q9UBU7,0.5229,0.1397,0.3313
KLF10,Q13118,0.5665,0.0948,0.3306
SERP1,Q9Y6X1,0.5988,0.0622,0.3305
RAD23B,P54727,0.385,0.2703,0.3276
HOXC10,Q9NYD6,0.4022,0.2502,0.3262
WNT6,Q9Y6F9,0.3225,0.3266,0.3246
TUBB2A,Q13885,0.3221,0.3172,0.3197
CD83,Q01151,0.6048,0.0343,0.3195
CSNK1E,P49674,0.3967,0.2359,0.3163
DDIT4,Q9NX09,0.365,0.2613,0.3131
PANX1,Q96RD7,0.5787,0.046,0.3124
CHEK1,O14757,0.5693,0.0545,0.3119
TRAIP,Q9BWF2,0.5772,0.046,0.3116
CASP1,P29466,0.4343,0.1876,0.311
E2F3,O00716,0.4062,0.2157,0.311
MSC,O60682,0.3903,0.2297,0.31
GPI,P06744,0.46,0.159,0.3095
ORC6,Q9Y5N6,0.4302,0.1876,0.3089
CALR,P27797,0.2858,0.3311,0.3085
CASP8AP2,Q9UKL3,0.4621,0.1529,0.3075
MAP3K8,P41279,0.5923,0.0215,0.3069
EGR3,Q06889,0.504,0.1083,0.3062
POLE4,Q9NR33,0.3573,0.2543,0.3058
PDE4B,Q07343,0.4157,0.1903,0.303
AAAS,Q9NRG9,0.5573,0.046,0.3017
STC1,P52823,0.4581,0.1453,0.3017
EFNA1,P20827,0.4274,0.1752,0.3013
CD80,P33681,0.4825,0.1182,0.3004
SLC2A6,Q9UGQ3,0.4119,0.1876,0.2998
KIF11,P52732,0.5275,0.0668,0.2971
KMT5A,Q9NQR1,0.394,0.1973,0.2956
PSEN1,P49768,0.363,0.2268,0.2949
DDIT3,P35638,0.3358,0.2523,0.294
RBL1,P28749,0.5224,0.063,0.2927
COX17,Q14061,0.4853,0.0982,0.2918
GEM,P55040,0.4843,0.0982,0.2912
PER1,O15534,0.3686,0.2127,0.2906
EGR2,P11161,0.487,0.094,0.2905
NELFB,Q8WX92,0.375,0.206,0.2905
EHD1,Q9H4M9,0.4218,0.1555,0.2887
BTG3,Q14201,0.505,0.0703,0.2876
LMNA,P02545,0.3603,0.2132,0.2867
CENPE,Q02224,0.5069,0.0664,0.2866
PTGER4,P35408,0.5015,0.0703,0.2859
SDF2L1,Q9HCN8,0.4446,0.1259,0.2853
BRF2,Q9HAW0,0.3496,0.2193,0.2844
RRP9,O43818,0.3533,0.2101,0.2817
FOS,P01100,0.5521,0.0098,0.281
LBR,Q14739,0.3597,0.1985,0.2791
GGA2,Q9UJY4,0.4503,0.1044,0.2773
PLCB2,Q00722,0.3296,0.2249,0.2773
RELB,Q01201,0.4028,0.1507,0.2767
IMMT,Q16891,0.3679,0.185,0.2765
RCAN1,P53805,0.3663,0.185,0.2757
SRSF10,O75494,0.3577,0.1931,0.2754
BUB1,O43683,0.4592,0.0878,0.2735
BCL6,P41182,0.4533,0.0934,0.2733
CUL1,Q13616,0.3829,0.1629,0.2729
CCND2,P30279,0.4188,0.1267,0.2728
FEN1,P39748,0.4147,0.1267,0.2707
HMBS,P08397,0.4136,0.1267,0.2702
ARPC5L,Q9BPX5,0.4124,0.1267,0.2696
ZNF707,Q96C28,0.4655,0.0713,0.2684
AVPR1A,P37288,0.5149,0.0203,0.2676
PDCD4,Q53EL6,0.4743,0.0608,0.2676
HSPB1,P04792,0.4626,0.0713,0.2669
H2BC12,O60814,0.4059,0.1267,0.2663
ETS2,P15036,0.4492,0.0825,0.2659
RPA2,P15927,0.4763,0.0546,0.2654
CUL3,Q13618,0.4002,0.1267,0.2635
HMOX1,P09601,0.3564,0.1674,0.2619
TNFRSF9,Q07011,0.4856,0.0382,0.2619
P4HA1,P13674,0.4574,0.0652,0.2613
NMT1,P30419,0.3192,0.2024,0.2608
TOP1,P11387,0.3171,0.1993,0.2582
KIF22,Q14807,0.3659,0.1496,0.2578
CASP2,P42575,0.4697,0.0456,0.2577
NFYC,Q13952,0.3947,0.1199,0.2573
STMN1,P16949,0.3466,0.168,0.2573
VPS37B,Q9H9H4,0.3644,0.1496,0.257
CDC25A,P30304,0.3774,0.1361,0.2568
SPTAN1,Q13813,0.5031,0.0095,0.2563
PTX3,P26022,0.503,0.0095,0.2562
ICAM1,P05362,0.3438,0.168,0.2559
CDC27,P30260,0.4191,0.0925,0.2558
RNMT,O43148,0.4653,0.0456,0.2554
EPRS1,P07814,0.3399,0.1693,0.2546
EGF,P01133,0.4527,0.056,0.2543
HMGB3,O15347,0.3237,0.1828,0.2533
TNC,P24821,0.5035,0.0024,0.253
MRPL40,Q9NQ50,0.4938,0.0092,0.2515
SQSTM1,Q13501,0.3542,0.1486,0.2514
EFNA5,P52803,0.4945,0.0077,0.2511
PDAP1,Q13442,0.3697,0.131,0.2503
HIRA,P54198,0.4966,0.0024,0.2495
NCOR2,Q9Y618,0.3875,0.111,0.2493
TNFAIP3,P21580,0.3759,0.1218,0.2489
LDLR,P01130,0.494,0.0024,0.2482
DNM1L,O00429,0.4794,0.0165,0.2479
TNFSF9,P41273,0.4789,0.0165,0.2477
CDKN1B,P46527,0.3553,0.1396,0.2475
RIPK2,O43353,0.4757,0.0191,0.2474
NUP98,P52948,0.4154,0.0792,0.2473
KIF2C,Q99661,0.4766,0.0161,0.2463
NOLC1,Q14978,0.3762,0.1165,0.2463
CENPA,P49450,0.3147,0.1778,0.2462
REL,Q04864,0.4555,0.0355,0.2455
SLA,Q13239,0.4885,0.0024,0.2455
SDC4,P31431,0.4669,0.0236,0.2453
HMMR,O75330,0.4874,0.0024,0.2449
DNAJA1,P31689,0.4377,0.0518,0.2448
POLQ,O75417,0.3973,0.0917,0.2445
MGMT,P16455,0.4374,0.0503,0.2439
DKK4,Q9UBT3,0.4661,0.0205,0.2433
GTF2F1,P35269,0.3504,0.1358,0.2431
ATF3,P18847,0.4808,0.005,0.2429
ETF1,P62495,0.446,0.0398,0.2429
EDF1,O60869,0.4335,0.0518,0.2427
IRS2,Q9Y4H2,0.3733,0.111,0.2422
H2AX,P16104,0.4747,0.0096,0.2421
NUDT9,Q9BW91,0.4437,0.0398,0.2418
DUSP2,Q05923,0.4644,0.019,0.2417
RBPJ,Q06330,0.3252,0.1582,0.2417
TK2,O00142,0.4308,0.0503,0.2405
EXO1,Q9UQ84,0.4571,0.0236,0.2404
SMARCC1,Q92922,0.3287,0.1515,0.2401
TAF12,Q16514,0.4247,0.0539,0.2393
ZBTB10,Q96DT7,0.3665,0.111,0.2387
PPP1R15A,O75807,0.3661,0.111,0.2386
UBE2S,Q16763,0.3741,0.1031,0.2386
PDS5B,Q9NTI5,0.3052,0.1709,0.238
BIRC2,Q13490,0.4218,0.0539,0.2378
PNO1,Q9NRX1,0.435,0.0403,0.2377
PDE6G,P18545,0.4474,0.0278,0.2376
CASP9,P55211,0.3707,0.1031,0.2369
PRIM1,P49642,0.4548,0.019,0.2369
BCAP31,P51572,0.4594,0.0132,0.2363
PRP4K,Q13523,0.3577,0.1146,0.2362
SKAP2,O75563,0.3754,0.0971,0.2362
VEGFA,P15692,0.34,0.1323,0.2362
NUP50,Q9UKX7,0.4254,0.0468,0.2361
MYC,P01106,0.3564,0.1146,0.2355
SSRP1,Q08945,0.373,0.0971,0.2351
USO1,O60763,0.3004,0.1688,0.2346
MAP2K3,P46734,0.3659,0.1031,0.2345
NIBAN1,Q9BZQ8,0.3251,0.1439,0.2345
BRCA1,P38398,0.437,0.0317,0.2344
GCLC,P48506,0.4493,0.019,0.2342
XBP1,P17861,0.4577,0.01,0.2339
CCNL1,Q9UK58,0.3224,0.1439,0.2332
RPA1,P27694,0.3906,0.0756,0.2331
NFKB1,P19838,0.4556,0.0104,0.233
ODF2,Q5BJF6,0.397,0.0684,0.2327
UCHL5,Q9Y5K5,0.4363,0.0291,0.2327
AXIN1,O15169,0.3601,0.1047,0.2324
ELOA,Q14241,0.3689,0.0955,0.2322
POLR2F,P61218,0.3961,0.0684,0.2322
XPC,Q01831,0.3441,0.1202,0.2321
IGFBP5,P24593,0.4483,0.0157,0.232
ERCC5,P28715,0.3679,0.0955,0.2317
AGO4,Q9HCK5,0.434,0.0291,0.2316
POLR2C,P19387,0.4442,0.019,0.2316
NR4A1,P22736,0.4236,0.0393,0.2315
ACLY,P53396,0.4437,0.019,0.2314
JUNB,P17275,0.4083,0.0541,0.2312
FUT4,P22083,0.452,0.0089,0.2304
ROCK1,Q13464,0.4444,0.0157,0.23
POLD4,Q9HCU8,0.4196,0.0401,0.2299
IER3,P46695,0.436,0.0236,0.2298
NELFCD,Q8IXH7,0.3077,0.1519,0.2298
ERCC4,Q92889,0.4454,0.0131,0.2293
IL15RA,Q13261,0.4303,0.0279,0.2291
ADCY6,O43306,0.4408,0.0157,0.2282
DAP3,P51398,0.4161,0.0401,0.2281
HMGCS1,Q01581,0.427,0.0291,0.2281
KLF6,Q99612,0.4438,0.0114,0.2276
PLK4,O00444,0.4324,0.0222,0.2273
ATF5,Q9Y2D1,0.3273,0.1268,0.2271
BCL3,P20749,0.3308,0.1218,0.2263
ANKH,Q9HCJ1,0.3913,0.06,0.2257
TAF10,Q12962,0.4165,0.0349,0.2257
KIF4A,O95239,0.4207,0.0306,0.2256
PLK1,P53350,0.4214,0.0294,0.2254
POLH,Q9Y253,0.4143,0.0359,0.2251
NFIL3,Q16649,0.4385,0.0109,0.2247
MEIS1,O00470,0.375,0.0743,0.2246
ABCF2,Q9UG63,0.3868,0.0618,0.2243
INHBA,P08476,0.4322,0.0157,0.2239
EDEM1,Q92611,0.3277,0.12,0.2238
CDC20,Q12834,0.3271,0.12,0.2236
CORO1A,P31146,0.4135,0.0332,0.2233
DNAJC3,Q13217,0.4296,0.0164,0.223
JAG2,Q9Y219,0.4222,0.0236,0.2229
SFPQ,P23246,0.3176,0.1268,0.2222
SRSF6,Q13247,0.3492,0.0953,0.2222
PMEPA1,Q969W9,0.4345,0.0092,0.2219
PSMA4,P25789,0.4092,0.0332,0.2212
LGALS3,P17931,0.4286,0.0131,0.2209
ADAM17,P78536,0.4177,0.0236,0.2207
IGF2R,P11717,0.4303,0.0104,0.2203
IL6ST,P40189,0.4267,0.0131,0.2199
ALYREF,Q86V81,0.4215,0.0182,0.2198
FASLG,P48023,0.3026,0.1365,0.2196
DLL1,O00548,0.4257,0.0131,0.2194
BIRC3,Q13489,0.4234,0.015,0.2192
CTH,P32929,0.4194,0.0177,0.2185
SPHK1,Q9NYA1,0.4073,0.0297,0.2185
IRF1,P10914,0.371,0.0657,0.2184
SOD1,P00441,0.4256,0.0093,0.2175
TGIF1,Q15583,0.4263,0.0088,0.2175
KPNA2,P52292,0.3423,0.0923,0.2173
DUT,P33316,0.4207,0.0137,0.2172
NSD2,O96028,0.4015,0.0329,0.2172
ABCA1,O95477,0.4233,0.0108,0.2171
SMAD7,O15105,0.4118,0.0218,0.2168
GMPS,P49915,0.4218,0.0113,0.2165
DENND5A,Q6IQ26,0.4017,0.0309,0.2163
TRIB1,Q96RU8,0.3839,0.0483,0.2161
UPF3B,Q9BZI7,0.399,0.0329,0.216
CSTF3,Q12996,0.4103,0.0197,0.215
MCM3,P25205,0.3636,0.066,0.2148
TPX2,Q9ULW0,0.4064,0.0233,0.2148
CYLD,Q9NQC7,0.3911,0.0368,0.2139
SRSF2,Q01130,0.35,0.077,0.2135
BARD1,Q99728,0.403,0.0233,0.2132
CBX1,P83916,0.385,0.0415,0.2132
POLA1,P09884,0.41,0.0141,0.2121
SAC3D1,A6NKF1,0.3088,0.1152,0.212
LIG3,P49916,0.4111,0.0118,0.2115
APP,P05067,0.3359,0.0868,0.2113
HEY1,Q9Y5J3,0.359,0.0629,0.211
TARBP2,Q15633,0.3858,0.035,0.2104
GTF2A2,P52657,0.3686,0.052,0.2103
JAG1,P78504,0.352,0.0681,0.2101
BAX,Q07812,0.3094,0.1106,0.21
NR4A3,Q92570,0.3513,0.0681,0.2097
ESPL1,Q14674,0.3843,0.035,0.2096
AREG,P15514,0.401,0.0164,0.2087
JPT1,Q9UK76,0.3695,0.0473,0.2084
FOSL1,P15407,0.3587,0.0556,0.2072
H1-0,P07305,0.371,0.0432,0.2071
SGK1,O00141,0.3579,0.056,0.2069
CLP1,Q92989,0.3735,0.0395,0.2065
GTF2H1,P32780,0.3776,0.035,0.2063
CEBPD,P49716,0.3312,0.0807,0.2059
KATNA1,O75449,0.3769,0.035,0.2059
IER2,Q9BTL4,0.3644,0.0467,0.2056
CSF1,P09603,0.3612,0.0498,0.2055
FADS2,O95864,0.3919,0.0181,0.205
HIF1A,Q16665,0.3454,0.0618,0.2036
RAD21,O60216,0.3451,0.0616,0.2034
POLD3,Q15054,0.3485,0.0578,0.2031
NEFH,P12036,0.3735,0.0322,0.2028
JUN,P05412,0.3532,0.0515,0.2024
CCNO,P22674,0.3589,0.0458,0.2023
DDB2,Q92466,0.3567,0.047,0.2019
NUFIP1,Q9UHK0,0.4008,0.0013,0.2011
NUMA1,Q14980,0.3519,0.0494,0.2006
NUMB,P49757,0.395,0.0057,0.2003
INCENP,Q9NQS7,0.3583,0.0414,0.1998
CD44,P16070,0.3801,0.0191,0.1996
DR1,Q01658,0.3301,0.0678,0.199
NOTCH2,Q04721,0.3535,0.0445,0.199
BHLHE40,O14503,0.392,0.0057,0.1988
CASP4,P49662,0.3611,0.0357,0.1984
NOTCH1,P46531,0.3597,0.0362,0.198
CHAF1A,Q13111,0.3634,0.0322,0.1978
SYTL2,Q9HCH5,0.3635,0.0322,0.1978
NASP,P49321,0.363,0.0322,0.1976
PLPPR4,Q7Z2D5,0.3928,0.0023,0.1976
ADRM1,Q16186,0.3535,0.0411,0.1973
HSPA9,P38646,0.3575,0.0371,0.1973
FJX1,Q86VR8,0.3635,0.0309,0.1972
TRIB3,Q96RU7,0.3847,0.0094,0.1971
IFIH1,Q9BYX4,0.379,0.015,0.197
RNF19B,Q6ZMZ0,0.3613,0.0322,0.1968
ARID4A,P29374,0.3902,0.0023,0.1963
ME1,P48163,0.3672,0.0241,0.1956
GSPT1,P15170,0.3322,0.0587,0.1955
MAPK14,Q16539,0.3228,0.0678,0.1953
HSPA5,P11021,0.3224,0.0678,0.1951
IFRD1,O00458,0.3366,0.0529,0.1948
MYBL2,P10244,0.3874,0.002,0.1947
STIL,Q15468,0.3859,0.0031,0.1945
KIF5B,P33176,0.3627,0.026,0.1943
NR4A2,P43354,0.3794,0.0082,0.1938
FEZ1,Q99689,0.3428,0.0445,0.1937
TRAF1,Q13077,0.3733,0.0142,0.1937
TLE3,Q04726,0.3425,0.0445,0.1935
HNRNPU,Q00839,0.3306,0.0559,0.1932
FOSB,P53539,0.376,0.0098,0.1929
CEBPB,P17676,0.3761,0.009,0.1925
IER5,Q5VY09,0.3672,0.0177,0.1925
PNRC1,Q12796,0.3827,0.002,0.1924
TRA2B,P62995,0.3826,0.002,0.1923
EIF2S2,P20042,0.3637,0.0197,0.1917
TAF9,Q16594,0.3759,0.0074,0.1917
LEF1,Q9UJU2,0.3721,0.0104,0.1913
FRAT1,Q92837,0.3475,0.0349,0.1912
TOP2A,P11388,0.3603,0.022,0.1912
SLC6A6,P31641,0.3597,0.0214,0.1905
SMAD5,Q99717,0.3287,0.0514,0.1901
TUBA4A,P68366,0.3481,0.0314,0.1897
TAF6,P49848,0.3391,0.0402,0.1896
TACC3,Q9Y6A5,0.361,0.0177,0.1893
SS18,Q15532,0.362,0.0161,0.1891
STIP1,P31948,0.2874,0.0907,0.1891
ILF3,Q12906,0.3593,0.0183,0.1888
TCF7,P36402,0.3595,0.0177,0.1886
NKD1,Q969G9,0.3599,0.0161,0.188
POLL,Q9UGP5,0.3157,0.059,0.1874
DVL2,O14641,0.353,0.0213,0.1872
TNIP2,Q8NFZ5,0.3145,0.059,0.1867
HES1,Q14469,0.3376,0.0343,0.1859
NCL,P19338,0.3361,0.0349,0.1855
CCNT1,O60563,0.3461,0.0246,0.1854
CTCF,P49711,0.3457,0.0246,0.1851
KDM6B,O15054,0.3534,0.0161,0.1848
PHLDA1,Q8WV24,0.3299,0.0391,0.1845
TYMS,P04818,0.3373,0.0314,0.1843
KLF2,Q9Y5W3,0.353,0.0113,0.1821
PPP2R5B,Q15173,0.3214,0.0397,0.1806
HDAC5,Q9UQL6,0.3357,0.023,0.1793
AURKA,O14965,0.3563,0.0022,0.1792
SSR1,P43307,0.3556,0.0027,0.1791
HCLS1,P14317,0.3347,0.023,0.1789
ABL1,P00519,0.351,0.0054,0.1782
MCL1,Q07820,0.3504,0.0054,0.1779
PTK2,Q05397,0.3301,0.0256,0.1778
MCM2,P49736,0.3448,0.0094,0.1771
MPG,P29372,0.3387,0.0152,0.1769
PAK1,Q13153,0.3407,0.0131,0.1769
PDLIM5,Q96HC4,0.3478,0.0051,0.1764
HMGA1,P17096,0.3466,0.0055,0.176
CANX,P27824,0.3497,0.0011,0.1754
ADD3,Q9UEY8,0.3418,0.0086,0.1752
ERCC3,P19447,0.3429,0.0071,0.175
VPS37D,Q86XT2,0.2981,0.0509,0.1745
GTF3C5,Q9Y5Q8,0.3244,0.0229,0.1736
RARA,P10276,0.3246,0.0224,0.1735
POLE,Q07864,0.3185,0.0256,0.172
ELL,P55199,0.3412,0.0027,0.1719
CDC45,O75419,0.3061,0.0364,0.1712
SMC4,Q9NTJ3,0.2974,0.0445,0.1709
WARS1,P23381,0.3053,0.0364,0.1708
TOMM40,O96008,0.3373,0.0034,0.1704
TNPO2,O14787,0.3214,0.0191,0.1702
HSP90B1,P14625,0.295,0.0445,0.1698
STAG1,Q8WVM7,0.3285,0.0096,0.169
GCH1,P30793,0.2891,0.0469,0.168
FZD1,Q9UP38,0.306,0.0289,0.1675
ERBB2,P04626,0.3281,0.0066,0.1673
FZD8,Q9H461,0.328,0.0066,0.1673
SNAPC5,O75971,0.3101,0.0245,0.1673
PTCH1,Q13635,0.3167,0.0161,0.1664
POLR2A,P24928,0.3247,0.0078,0.1663
SLC12A2,P55011,0.3274,0.005,0.1662
HSPA4,P34932,0.3041,0.0279,0.166
TP53,P04637,0.3132,0.0161,0.1647
ERCC1,P07992,0.3224,0.0065,0.1644
KAT2A,Q92830,0.3099,0.0181,0.164
MCM4,P33991,0.3249,0.001,0.1629
PHLDA2,Q53GA4,0.2996,0.0252,0.1624
ATP2B1,P20020,0.3236,0.0004,0.162
PLK2,Q9NYY3,0.3227,0.0005,0.1616
NFKB2,Q00653,0.3214,0.0008,0.1611
USP11,P51784,0.3179,0.0034,0.1607
EZH2,Q15910,0.3206,0.0005,0.1606
LIG1,P18858,0.3187,0.0003,0.1595
DMD,P11532,0.3178,0.0009,0.1593
HMGB2,P26583,0.3176,0.0003,0.159
ZWINT,O95229,0.3131,0.0037,0.1584
TRIP10,Q15642,0.308,0.0059,0.157
CD2,P06729,0.3036,0.0071,0.1553
POLD1,P28340,0.2973,0.0017,0.1495
RNASEL,Q05823,0.2872,0.0036,0.1454
