accession,gene_name,source_ligase,label,1_logistic_regression_proba,2_xgboost_proba,3_weighted_logistic_regression_proba,6_balanced_bagging_proba,7_l1_logistic_regression_proba,4_weighted_xgboost_proba,5_smote_logistic_regression_proba,8_transfer_learning_proba
P46527,CDKN1B,SKP2,1,0.08826378654121847,0.11996021866798401,0.5696712049359998,0.5344444444444444,0.10138268232344004,0.5808692574501038,0.5331024402476398,0.09755073487758636
P31749,AKT1,SKP2,1,0.056870169885351485,0.056711215525865555,0.43153955134296934,0.4492317524033683,0.06287555834430913,0.436923086643219,0.44228799926131906,0.056701067835092545
P38936,CDKN1A,SKP2,1,0.04823057434276736,0.047881077975034714,0.4033356341846378,0.41734713978634125,0.05420157968204134,0.39359408617019653,0.40573351968262733,0.0478723980486393
P49918,CDKN1C,SKP2,1,0.0565159309011077,0.05671127140522003,0.4450880488416175,0.43881024289282006,0.05958678876709051,0.436923086643219,0.44517414188214494,0.05670878291130066
P28749,RBL2,SKP2,1,0.1335105777242804,0.09968319535255432,0.6402757703688527,0.7166666666666667,0.11376812825500307,0.7511219382286072,0.0798150105538741,0.11060671508312225
P17028,TOB1,SKP2,1,0.04823057434276736,0.047881077975034714,0.4033356341846378,0.41734713978634125,0.05420157968204134,0.39359408617019653,0.40573351968262733,0.0478723980486393
Q12778,FOXO1,SKP2,1,0.08742471588363689,0.10794675350189209,0.5611654778127516,0.5875366300366299,0.09520981970795853,0.6171445846557617,0.6502440608076021,0.1089748665690422
P01106,MYC,SKP2,1,0.10795263268572096,0.13156676292419434,0.618436078681929,0.6629365079365079,0.10432435731409263,0.659942090511322,0.6185739913077801,0.12775014340877533
P24864,CCNE1,SKP2,1,0.08826378654121847,0.11996021866798401,0.5696712049359998,0.5344444444444444,0.10138268232344004,0.5808692574501038,0.5331024402476398,0.09755073487758636
P20248,CCNA2,SKP2,1,0.0565159309011077,0.05671127140522003,0.4450880488416175,0.43881024289282006,0.05958678876709051,0.436923086643219,0.44517414188214494,0.05670878291130066
P24385,CCND1,SKP2,1,0.06238025036811132,0.06186386197805405,0.45462452072581294,0.46317582258523177,0.06803037892033142,0.45979490876197815,0.45426519152796985,0.06184554472565651
Q01094,E2F1,SKP2,1,0.056870169885351485,0.056711215525865555,0.43153955134296934,0.4492317524033683,0.06287555834430913,0.436923086643219,0.44228799926131906,0.056701067835092545
Q9H211,CDT1,SKP2,1,0.08742471588363689,0.10794675350189209,0.5611654778127516,0.5875366300366299,0.09520981970795853,0.6171445846557617,0.6502440608076021,0.1089748665690422
Q13415,ORC1,SKP2,1,0.11413146458679013,0.12254747748374939,0.6240073461706566,0.6052170052170052,0.11376812825500307,0.6468109488487244,0.659682876093482,0.12296167761087418
Q9NS23,RASSF1,SKP2,1,0.0565159309011077,0.05671127140522003,0.4450880488416175,0.43881024289282006,0.05958678876709051,0.436923086643219,0.44517414188214494,0.05670878291130066
P51587,BRCA2,SKP2,1,0.04823057434276736,0.047881077975034714,0.4033356341846378,0.41734713978634125,0.05420157968204134,0.39359408617019653,0.40573351968262733,0.0478723980486393
P10244,MYBL2,SKP2,1,0.18425834760746831,0.10110606998205185,0.6984419985066062,0.1,0.17162509749054844,0.13685493171215057,0.6596503026738423,0.09806091338396072
Q53EL6,PDCD4,SKP2,1,0.04823057434276736,0.047881077975034714,0.4033356341846378,0.41734713978634125,0.05420157968204134,0.39359408617019653,0.40573351968262733,0.0478723980486393
Q15831,STK11,SKP2,1,0.056870169885351485,0.056711215525865555,0.43153955134296934,0.4492317524033683,0.06287555834430913,0.436923086643219,0.44228799926131906,0.056701067835092545
O75874,IDH1,SKP2,1,0.06238025036811132,0.06186386197805405,0.45462452072581294,0.46317582258523177,0.06803037892033142,0.45979490876197815,0.45426519152796985,0.06184554472565651
P48735,IDH2,SKP2,1,0.06555979394339902,0.06566538661718369,0.4698556354699233,0.4880974025974025,0.06976185320789631,0.4756505787372589,0.44483752471547333,0.0656476840376854
O60346,PHLPP1,SKP2,1,0.04823057434276736,0.047881077975034714,0.4033356341846378,0.41734713978634125,0.05420157968204134,0.39359408617019653,0.40573351968262733,0.0478723980486393
Q9H2X6,HIPK2,FBXO3,0,0.18425834760746831,0.10110606998205185,0.6984419985066062,0.1,0.17162509749054844,0.13685493171215057,0.6596503026738423,0.09806091338396072
Q09472,EP300,FBXO3,0,0.06555979394339902,0.06566538661718369,0.4698556354699233,0.4880974025974025,0.06976185320789631,0.4756505787372589,0.44483752471547333,0.0656476840376854
Q9HCE7,SMURF1,FBXO3,0,0.056870169885351485,0.056711215525865555,0.43153955134296934,0.4492317524033683,0.06287555834430913,0.436923086643219,0.44228799926131906,0.056701067835092545
Q13118,KLF10,FBXW7,0,0.0565159309011077,0.05671127140522003,0.4450880488416175,0.43881024289282006,0.05958678876709051,0.436923086643219,0.44517414188214494,0.05670878291130066
P42345,MTOR,FBXW7,0,0.04823057434276736,0.047881077975034714,0.4033356341846378,0.41734713978634125,0.05420157968204134,0.39359408617019653,0.40573351968262733,0.0478723980486393
P11388,TOP2A,FBXW7,0,0.08742471588363689,0.10794675350189209,0.5611654778127516,0.5875366300366299,0.09520981970795853,0.6171445846557617,0.6502440608076021,0.1089748665690422
P17275,JUNB,FBXW7,0,0.04823057434276736,0.047881077975034714,0.4033356341846378,0.41734713978634125,0.05420157968204134,0.39359408617019653,0.40573351968262733,0.0478723980486393
Q9H1I8,ASCC2,FBXW7,0,0.04823057434276736,0.047881077975034714,0.4033356341846378,0.41734713978634125,0.05420157968204134,0.39359408617019653,0.40573351968262733,0.0478723980486393
P04150,NR3C1,FBXW7,0,0.2795689171131349,0.11996021866798401,0.8152285913230727,0.8,0.26345379441377514,0.9073071479797363,0.8362275302690058,0.2221028059720993
O96020,CCNE2,FBXW7,0,0.11413146458679013,0.12254747748374939,0.6240073461706566,0.6052170052170052,0.11376812825500307,0.6468109488487244,0.659682876093482,0.12296167761087418
P04198,MYCN,FBXW7,0,0.04823057434276736,0.047881077975034714,0.4033356341846378,0.41734713978634125,0.05420157968204134,0.39359408617019653,0.40573351968262733,0.0478723980486393
Q14494,NFE2L1,FBXW7,0,0.06238025036811132,0.06186386197805405,0.45462452072581294,0.46317582258523177,0.06803037892033142,0.45979490876197815,0.45426519152796985,0.06184554472565651
P49715,CEBPA,FBXW7,0,0.06238025036811132,0.06186386197805405,0.45462452072581294,0.46317582258523177,0.06803037892033142,0.45979490876197815,0.45426519152796985,0.06184554472565651
Q06124,PTPN11,FBXW7,0,0.056870169885351485,0.056711215525865555,0.43153955134296934,0.4492317524033683,0.06287555834430913,0.436923086643219,0.44228799926131906,0.056701067835092545
Q9UHV7,MED13,FBXW7,0,0.04823057434276736,0.047881077975034714,0.4033356341846378,0.41734713978634125,0.05420157968204134,0.39359408617019653,0.40573351968262733,0.0478723980486393
P06733,ENO1,FBXW7,0,0.04823057434276736,0.047881077975034714,0.4033356341846378,0.41734713978634125,0.05420157968204134,0.39359408617019653,0.40573351968262733,0.0478723980486393
Q07820,MCL1,FBXW7,0,0.056870169885351485,0.056711215525865555,0.43153955134296934,0.4492317524033683,0.06287555834430913,0.436923086643219,0.44228799926131906,0.056701067835092545
O14965,AURKA,FBXW7,0,0.04823057434276736,0.047881077975034714,0.4033356341846378,0.41734713978634125,0.05420157968204134,0.39359408617019653,0.40573351968262733,0.0478723980486393
P04637,TP53,FBXW7,0,0.04823057434276736,0.047881077975034714,0.4033356341846378,0.41734713978634125,0.05420157968204134,0.39359408617019653,0.40573351968262733,0.0478723980486393
Q00653,NFKB2,FBXW7,0,0.056870169885351485,0.056711215525865555,0.43153955134296934,0.4492317524033683,0.06287555834430913,0.436923086643219,0.44228799926131906,0.056701067835092545
P17861,XBP1,FBXW7,0,0.056870169885351485,0.056711215525865555,0.43153955134296934,0.4492317524033683,0.06287555834430913,0.436923086643219,0.44228799926131906,0.056701067835092545
P17947,SPI1,FBXW7,0,0.04823057434276736,0.047881077975034714,0.4033356341846378,0.41734713978634125,0.05420157968204134,0.39359408617019653,0.40573351968262733,0.0478723980486393
Q9H0K1,SIK2,FBXW7,0,0.06555979394339902,0.06566538661718369,0.4698556354699233,0.4880974025974025,0.06976185320789631,0.4756505787372589,0.44483752471547333,0.0656476840376854
Q71F56,MED13L,FBXW7,0,0.0565159309011077,0.05671127140522003,0.4450880488416175,0.43881024289282006,0.05958678876709051,0.436923086643219,0.44517414188214494,0.05670878291130066
Q99848,EBNA1BP2,FBXW7,0,0.0565159309011077,0.05671127140522003,0.4450880488416175,0.43881024289282006,0.05958678876709051,0.436923086643219,0.44517414188214494,0.05670878291130066
P52630,STAT2,FBXW7,0,0.06555979394339902,0.06566538661718369,0.4698556354699233,0.4880974025974025,0.06976185320789631,0.4756505787372589,0.44483752471547333,0.0656476840376854
Q16665,HIF1A,FBXW7,0,0.08742471588363689,0.10794675350189209,0.5611654778127516,0.5875366300366299,0.09520981970795853,0.6171445846557617,0.6502440608076021,0.1089748665690422
Q9Y6Q9,NCOA3,FBXW7,0,0.10795263268572096,0.13156676292419434,0.618436078681929,0.6629365079365079,0.10432435731409263,0.659942090511322,0.6185739913077801,0.12775014340877533
Q16204,CCDC6,FBXW7,0,0.11873330223785981,0.09968319535255432,0.6281024128703905,0.3204184704184704,0.11376812825500307,0.06186864897608757,0.4713302853932061,0.08841217309236526
P15056,BRAF,FBXW7,0,0.08742471588363689,0.10794675350189209,0.5611654778127516,0.5875366300366299,0.09520981970795853,0.6171445846557617,0.6502440608076021,0.1089748665690422
Q00613,HSF1,FBXW7,0,0.08826378654121847,0.11996021866798401,0.5696712049359998,0.5344444444444444,0.10138268232344004,0.5808692574501038,0.5331024402476398,0.09755073487758636
Q13950,RUNX2,FBXW7,0,0.06555979394339902,0.06566538661718369,0.4698556354699233,0.4880974025974025,0.06976185320789631,0.4756505787372589,0.44483752471547333,0.0656476840376854
Q70SY1,CREB3L2,FBXW7,0,0.0565159309011077,0.05671127140522003,0.4450880488416175,0.43881024289282006,0.05958678876709051,0.436923086643219,0.44517414188214494,0.05670878291130066
O95863,SNAI1,FBXW7,0,0.0565159309011077,0.05671127140522003,0.4450880488416175,0.43881024289282006,0.05958678876709051,0.436923086643219,0.44517414188214494,0.05670878291130066
Q9NRI5,DISC1,FBXW7,0,0.0565159309011077,0.05671127140522003,0.4450880488416175,0.43881024289282006,0.05958678876709051,0.436923086643219,0.44517414188214494,0.05670878291130066
Q15583,TGIF1,FBXW7,0,0.0565159309011077,0.05671127140522003,0.4450880488416175,0.43881024289282006,0.05958678876709051,0.436923086643219,0.44517414188214494,0.05670878291130066
Q9UBK2,PPARGC1A,FBXW7,0,0.056870169885351485,0.056711215525865555,0.43153955134296934,0.4492317524033683,0.06287555834430913,0.436923086643219,0.44228799926131906,0.056701067835092545
P49716,CEBPD,FBXW7,0,0.06238025036811132,0.06186386197805405,0.45462452072581294,0.46317582258523177,0.06803037892033142,0.45979490876197815,0.45426519152796985,0.06184554472565651
P05412,JUN,FBXW7,0,0.04823057434276736,0.047881077975034714,0.4033356341846378,0.41734713978634125,0.05420157968204134,0.39359408617019653,0.40573351968262733,0.0478723980486393
P46531,NOTCH1,FBXW7,0,0.04823057434276736,0.047881077975034714,0.4033356341846378,0.41734713978634125,0.05420157968204134,0.39359408617019653,0.40573351968262733,0.0478723980486393
Q12772,SREBF2,FBXW7,0,0.04823057434276736,0.047881077975034714,0.4033356341846378,0.41734713978634125,0.05420157968204134,0.39359408617019653,0.40573351968262733,0.0478723980486393
P02765,AHSG,FBXW7,0,0.04823057434276736,0.047881077975034714,0.4033356341846378,0.41734713978634125,0.05420157968204134,0.39359408617019653,0.40573351968262733,0.0478723980486393
Q8WUI4,HDAC7,FBXW7,0,0.056870169885351485,0.056711215525865555,0.43153955134296934,0.4492317524033683,0.06287555834430913,0.436923086643219,0.44228799926131906,0.056701067835092545
Q99062,CSF3R,FBXW7,0,0.04823057434276736,0.047881077975034714,0.4033356341846378,0.41734713978634125,0.05420157968204134,0.39359408617019653,0.40573351968262733,0.0478723980486393
Q96GD4,AURKB,FBXW7,0,0.056870169885351485,0.056711215525865555,0.43153955134296934,0.4492317524033683,0.06287555834430913,0.436923086643219,0.44228799926131906,0.056701067835092545
O60315,ZEB2,FBXW7,0,0.11413146458679013,0.12254747748374939,0.6240073461706566,0.6052170052170052,0.11376812825500307,0.6468109488487244,0.659682876093482,0.12296167761087418
Q15233,NONO,FBXW7,0,0.06238025036811132,0.06186386197805405,0.45462452072581294,0.46317582258523177,0.06803037892033142,0.45979490876197815,0.45426519152796985,0.06184554472565651
Q9Y2Y9,KLF13,FBXW7,0,0.04823057434276736,0.047881077975034714,0.4033356341846378,0.41734713978634125,0.05420157968204134,0.39359408617019653,0.40573351968262733,0.0478723980486393
P49768,PSEN1,FBXW7,0,0.06238025036811132,0.06186386197805405,0.45462452072581294,0.46317582258523177,0.06803037892033142,0.45979490876197815,0.45426519152796985,0.06184554472565651
Q13490,BIRC2,FBXW7,0,0.06238025036811132,0.06186386197805405,0.45462452072581294,0.46317582258523177,0.06803037892033142,0.45979490876197815,0.45426519152796985,0.06184554472565651
P48436,SOX9,FBXW7,0,0.056870169885351485,0.056711215525865555,0.43153955134296934,0.4492317524033683,0.06287555834430913,0.436923086643219,0.44228799926131906,0.056701067835092545
Q14494,NRF1,FBXW7,0,0.06238025036811132,0.06186386197805405,0.45462452072581294,0.46317582258523177,0.06803037892033142,0.45979490876197815,0.45426519152796985,0.06184554472565651
Q9H3D4,TP63,FBXW7,0,0.04823057434276736,0.047881077975034714,0.4033356341846378,0.41734713978634125,0.05420157968204134,0.39359408617019653,0.40573351968262733,0.0478723980486393
P36956,SREBF1,FBXW7,0,0.06555979394339902,0.06566538661718369,0.4698556354699233,0.4880974025974025,0.06976185320789631,0.4756505787372589,0.44483752471547333,0.0656476840376854
P10242,MYB,FBXW7,0,0.06555979394339902,0.06566538661718369,0.4698556354699233,0.4880974025974025,0.06976185320789631,0.4756505787372589,0.44483752471547333,0.0656476840376854
P35659,DEK,FBXW7,0,0.04823057434276736,0.047881077975034714,0.4033356341846378,0.41734713978634125,0.05420157968204134,0.39359408617019653,0.40573351968262733,0.0478723980486393
P21359,NF1,FBXW7,0,0.08742471588363689,0.10794675350189209,0.5611654778127516,0.5875366300366299,0.09520981970795853,0.6171445846557617,0.6502440608076021,0.1089748665690422
Q9Y5W3,KLF2,FBXW7,0,0.0565159309011077,0.05671127140522003,0.4450880488416175,0.43881024289282006,0.05958678876709051,0.436923086643219,0.44517414188214494,0.05670878291130066
P53805,RCAN1,FBXW7,0,0.06238025036811132,0.06186386197805405,0.45462452072581294,0.46317582258523177,0.06803037892033142,0.45979490876197815,0.45426519152796985,0.06184554472565651
Q96BA8,CREB3L1,FBXW7,0,0.04823057434276736,0.047881077975034714,0.4033356341846378,0.41734713978634125,0.05420157968204134,0.39359408617019653,0.40573351968262733,0.0478723980486393
Q9UQ13,SHOC2,FBXW7,0,0.0565159309011077,0.05671127140522003,0.4450880488416175,0.43881024289282006,0.05958678876709051,0.436923086643219,0.44517414188214494,0.05670878291130066
Q49AN0,CRY2,FBXW7,0,0.11413146458679013,0.12254747748374939,0.6240073461706566,0.6052170052170052,0.11376812825500307,0.6468109488487244,0.659682876093482,0.12296167761087418
Q13887,KLF5,FBXW7,0,0.06238025036811132,0.06186386197805405,0.45462452072581294,0.46317582258523177,0.06803037892033142,0.45979490876197815,0.45426519152796985,0.06184554472565651
Q14103,HNRNPD,BTRC,0,0.056870169885351485,0.056711215525865555,0.43153955134296934,0.4492317524033683,0.06287555834430913,0.436923086643219,0.44228799926131906,0.056701067835092545
O15534,PER1,BTRC,0,0.0565159309011077,0.05671127140522003,0.4450880488416175,0.43881024289282006,0.05958678876709051,0.436923086643219,0.44517414188214494,0.05670878291130066
P35226,BMI1,BTRC,0,0.0565159309011077,0.05671127140522003,0.4450880488416175,0.43881024289282006,0.05958678876709051,0.436923086643219,0.44517414188214494,0.05670878291130066
Q9P0N9,TBC1D7,BTRC,0,0.06555979394339902,0.06566538661718369,0.4698556354699233,0.4880974025974025,0.06976185320789631,0.4756505787372589,0.44483752471547333,0.0656476840376854
P19235,EPOR,BTRC,0,0.0565159309011077,0.05671127140522003,0.4450880488416175,0.43881024289282006,0.05958678876709051,0.436923086643219,0.44517414188214494,0.05670878291130066
O15055,PER2,BTRC,0,0.06555979394339902,0.06566538661718369,0.4698556354699233,0.4880974025974025,0.06976185320789631,0.4756505787372589,0.44483752471547333,0.0656476840376854
Q10589,BST2,BTRC,0,0.056870169885351485,0.056711215525865555,0.43153955134296934,0.4492317524033683,0.06287555834430913,0.436923086643219,0.44228799926131906,0.056701067835092545
O95997,PTTG1,BTRC,0,0.10795263268572096,0.13156676292419434,0.618436078681929,0.6629365079365079,0.10432435731409263,0.659942090511322,0.6185739913077801,0.12775014340877533
P49841,GSK3B,BTRC,0,0.06555979394339902,0.06566538661718369,0.4698556354699233,0.4880974025974025,0.06976185320789631,0.4756505787372589,0.44483752471547333,0.0656476840376854
Q13009,TIAM1,BTRC,0,0.06555979394339902,0.06566538661718369,0.4698556354699233,0.4880974025974025,0.06976185320789631,0.4756505787372589,0.44483752471547333,0.0656476840376854
P46937,YAP1,BTRC,0,0.06555979394339902,0.06566538661718369,0.4698556354699233,0.4880974025974025,0.06976185320789631,0.4756505787372589,0.44483752471547333,0.0656476840376854
P42224,STAT1,BTRC,0,0.056870169885351485,0.056711215525865555,0.43153955134296934,0.4492317524033683,0.06287555834430913,0.436923086643219,0.44228799926131906,0.056701067835092545
Q9UM11,FZR1,BTRC,0,0.06238025036811132,0.06186386197805405,0.45462452072581294,0.46317582258523177,0.06803037892033142,0.45979490876197815,0.45426519152796985,0.06184554472565651
P54274,TERF1,BTRC,0,0.04823057434276736,0.047881077975034714,0.4033356341846378,0.41734713978634125,0.05420157968204134,0.39359408617019653,0.40573351968262733,0.0478723980486393
Q15717,ELAVL1,BTRC,0,0.11038892618985356,0.1333237737417221,0.6409656954069461,0.6031349206349206,0.10748192529725153,0.6631786823272705,0.656937433102843,0.13000863790512085
P18887,XRCC1,BTRC,0,0.18170926342260532,0.16656535863876343,0.732117327351515,0.46952380952380945,0.17998443059349917,0.0541267916560173,0.7216578043018148,0.04808427393436432
Q15653,NFKBIB,BTRC,0,0.06238025036811132,0.06186386197805405,0.45462452072581294,0.46317582258523177,0.06803037892033142,0.45979490876197815,0.45426519152796985,0.06184554472565651
Q8TB45,DEPTOR,BTRC,0,0.11413146458679013,0.12254747748374939,0.6240073461706566,0.6052170052170052,0.11376812825500307,0.6468109488487244,0.659682876093482,0.12296167761087418
Q14247,CTTN,BTRC,0,0.0565159309011077,0.05671127140522003,0.4450880488416175,0.43881024289282006,0.05958678876709051,0.436923086643219,0.44517414188214494,0.05670878291130066
P01112,HRAS,BTRC,0,0.06238025036811132,0.06186386197805405,0.45462452072581294,0.46317582258523177,0.06803037892033142,0.45979490876197815,0.45426519152796985,0.06184554472565651
Q9HAW4,CLSPN,BTRC,0,0.11038892618985356,0.1333237737417221,0.6409656954069461,0.6031349206349206,0.10748192529725153,0.6631786823272705,0.656937433102843,0.13000863790512085
P10071,GLI3,BTRC,0,0.11038892618985356,0.1333237737417221,0.6409656954069461,0.6031349206349206,0.10748192529725153,0.6631786823272705,0.656937433102843,0.13000863790512085
A0A1B0GVQ0,SPAAR,BTRC,0,0.056870169885351485,0.056711215525865555,0.43153955134296934,0.4492317524033683,0.06287555834430913,0.436923086643219,0.44228799926131906,0.056701067835092545
Q15672,TWIST1,BTRC,0,0.04823057434276736,0.047881077975034714,0.4033356341846378,0.41734713978634125,0.05420157968204134,0.39359408617019653,0.40573351968262733,0.0478723980486393
Q00987,MDM2,BTRC,0,0.0565159309011077,0.05671127140522003,0.4450880488416175,0.43881024289282006,0.05958678876709051,0.436923086643219,0.44517414188214494,0.05670878291130066
O15111,CHUK,BTRC,0,0.0565159309011077,0.05671127140522003,0.4450880488416175,0.43881024289282006,0.05958678876709051,0.436923086643219,0.44517414188214494,0.05670878291130066
P04637,TP53,BTRC,0,0.056870169885351485,0.056711215525865555,0.43153955134296934,0.4492317524033683,0.06287555834430913,0.436923086643219,0.44228799926131906,0.056701067835092545
P30304,CDC25A,BTRC,0,0.06238025036811132,0.06186386197805405,0.45462452072581294,0.46317582258523177,0.06803037892033142,0.45979490876197815,0.45426519152796985,0.06184554472565651
P51617,IRAK1,BTRC,0,0.11038892618985356,0.1333237737417221,0.6409656954069461,0.6031349206349206,0.10748192529725153,0.6631786823272705,0.656937433102843,0.13000863790512085
P98174,FGD1,BTRC,0,0.06238025036811132,0.06186386197805405,0.45462452072581294,0.46317582258523177,0.06803037892033142,0.45979490876197815,0.45426519152796985,0.06184554472565651
Q13651,IL10RA,BTRC,0,0.0565159309011077,0.05671127140522003,0.4450880488416175,0.43881024289282006,0.05958678876709051,0.436923086643219,0.44517414188214494,0.05670878291130066
O95863,SNAI1,BTRC,0,0.0565159309011077,0.05671127140522003,0.4450880488416175,0.43881024289282006,0.05958678876709051,0.436923086643219,0.44517414188214494,0.05670878291130066
P42574,CASP3,BTRC,0,0.056870169885351485,0.056711215525865555,0.43153955134296934,0.4492317524033683,0.06287555834430913,0.436923086643219,0.44228799926131906,0.056701067835092545
Q9GZV5,WWTR1,BTRC,0,0.06555979394339902,0.06566538661718369,0.4698556354699233,0.4880974025974025,0.06976185320789631,0.4756505787372589,0.44483752471547333,0.0656476840376854
Q9ULT6,ZNRF3,BTRC,0,0.06555979394339902,0.06566538661718369,0.4698556354699233,0.4880974025974025,0.06976185320789631,0.4756505787372589,0.44483752471547333,0.0656476840376854
P02786,TFRC,BTRC,0,0.04823057434276736,0.047881077975034714,0.4033356341846378,0.41734713978634125,0.05420157968204134,0.39359408617019653,0.40573351968262733,0.0478723980486393
O60346,PHLPP1,BTRC,0,0.04823057434276736,0.047881077975034714,0.4033356341846378,0.41734713978634125,0.05420157968204134,0.39359408617019653,0.40573351968262733,0.0478723980486393
O75365,PTP4A3,BTRC,0,0.04823057434276736,0.047881077975034714,0.4033356341846378,0.41734713978634125,0.05420157968204134,0.39359408617019653,0.40573351968262733,0.0478723980486393
Q9NX09,DDIT4,BTRC,0,0.08826378654121847,0.11996021866798401,0.5696712049359998,0.5344444444444444,0.10138268232344004,0.5808692574501038,0.5331024402476398,0.09755073487758636
P01730,CD4,BTRC,0,0.06238025036811132,0.06186386197805405,0.45462452072581294,0.46317582258523177,0.06803037892033142,0.45979490876197815,0.45426519152796985,0.06184554472565651
P62324,BTG1,BTRC,0,0.10795263268572096,0.13156676292419434,0.618436078681929,0.6629365079365079,0.10432435731409263,0.659942090511322,0.6185739913077801,0.12775014340877533
P35222,CTNNB1,BTRC,0,0.06238025036811132,0.06186386197805405,0.45462452072581294,0.46317582258523177,0.06803037892033142,0.45979490876197815,0.45426519152796985,0.06184554472565651
Q92538,GBF1,BTRC,0,0.056870169885351485,0.056711215525865555,0.43153955134296934,0.4492317524033683,0.06287555834430913,0.436923086643219,0.44228799926131906,0.056701067835092545
Q96T88,UHRF1,BTRC,0,0.0565159309011077,0.05671127140522003,0.4450880488416175,0.43881024289282006,0.05958678876709051,0.436923086643219,0.44517414188214494,0.05670878291130066
Q5JSP0,FGD3,BTRC,0,0.06238025036811132,0.06186386197805405,0.45462452072581294,0.46317582258523177,0.06803037892033142,0.45979490876197815,0.45426519152796985,0.06184554472565651
Q8N668,COMMD1,BTRC,0,0.04823057434276736,0.047881077975034714,0.4033356341846378,0.41734713978634125,0.05420157968204134,0.39359408617019653,0.40573351968262733,0.0478723980486393
Q8TDM6,DLG5,BTRC,0,0.16237477291617883,0.15372957289218903,0.6994233814315095,0.11666666666666665,0.15919963757283925,0.05726891756057739,0.6794638774404471,0.04659486189484596
P84022,SMAD3,BTRC,0,0.056870169885351485,0.056711215525865555,0.43153955134296934,0.4492317524033683,0.06287555834430913,0.436923086643219,0.44228799926131906,0.056701067835092545
Q00613,HSF1,BTRC,0,0.11038892618985356,0.1333237737417221,0.6409656954069461,0.6031349206349206,0.10748192529725153,0.6631786823272705,0.656937433102843,0.13000863790512085
P30291,WEE1,BTRC,0,0.1282383162834812,0.10110606998205185,0.63248482036741,0.10952380952380951,0.12865689431305605,0.0370558463037014,0.6549623491408282,0.09806091338396072
O43734,TRAF3IP2,BTRC,0,0.056870169885351485,0.056711215525865555,0.43153955134296934,0.4492317524033683,0.06287555834430913,0.436923086643219,0.44228799926131906,0.056701067835092545
P18848,ATF4,BTRC,0,0.06555979394339902,0.06566538661718369,0.4698556354699233,0.4880974025974025,0.06976185320789631,0.4756505787372589,0.44483752471547333,0.0656476840376854
P02751,FN1,BTRC,0,0.056870169885351485,0.056711215525865555,0.43153955134296934,0.4492317524033683,0.06287555834430913,0.436923086643219,0.44228799926131906,0.056701067835092545
Q16635,TAZ,BTRC,0,0.056870169885351485,0.056711215525865555,0.43153955134296934,0.4492317524033683,0.06287555834430913,0.436923086643219,0.44228799926131906,0.056701067835092545
Q9NS37,CREBZF,BTRC,0,0.10795263268572096,0.13156676292419434,0.618436078681929,0.6629365079365079,0.10432435731409263,0.659942090511322,0.6185739913077801,0.12775014340877533
P53805,RCAN1,BTRC,0,0.06238025036811132,0.06186386197805405,0.45462452072581294,0.46317582258523177,0.06803037892033142,0.45979490876197815,0.45426519152796985,0.06184554472565651
P35968,KDR,BTRC,0,0.0565159309011077,0.05671127140522003,0.4450880488416175,0.43881024289282006,0.05958678876709051,0.436923086643219,0.44517414188214494,0.05670878291130066
O00221,NFKBIE,BTRC,0,0.06555979394339902,0.06566538661718369,0.4698556354699233,0.4880974025974025,0.06976185320789631,0.4756505787372589,0.44483752471547333,0.0656476840376854
Q14494,NRF1,BTRC,0,0.06238025036811132,0.06186386197805405,0.45462452072581294,0.46317582258523177,0.06803037892033142,0.45979490876197815,0.45426519152796985,0.06184554472565651
Q14494,NFE2L1,BTRC,0,0.06238025036811132,0.06186386197805405,0.45462452072581294,0.46317582258523177,0.06803037892033142,0.45979490876197815,0.45426519152796985,0.06184554472565651
O14503,BHLHE40,BTRC,0,0.056870169885351485,0.056711215525865555,0.43153955134296934,0.4492317524033683,0.06287555834430913,0.436923086643219,0.44228799926131906,0.056701067835092545
P32314,FOXN2,BTRC,0,0.06555979394339902,0.06566538661718369,0.4698556354699233,0.4880974025974025,0.06976185320789631,0.4756505787372589,0.44483752471547333,0.0656476840376854
P50579,METAP2,BTRC,0,0.0565159309011077,0.05671127140522003,0.4450880488416175,0.43881024289282006,0.05958678876709051,0.436923086643219,0.44517414188214494,0.05670878291130066
P06493,CDK1,BTRC,0,0.056870169885351485,0.056711215525865555,0.43153955134296934,0.4492317524033683,0.06287555834430913,0.436923086643219,0.44228799926131906,0.056701067835092545
P16471,PRLR,BTRC,0,0.06238025036811132,0.06186386197805405,0.45462452072581294,0.46317582258523177,0.06803037892033142,0.45979490876197815,0.45426519152796985,0.06184554472565651
P78543,BTG2,BTRC,0,0.10795263268572096,0.13156676292419434,0.618436078681929,0.6629365079365079,0.10432435731409263,0.659942090511322,0.6185739913077801,0.12775014340877533
Q8NF37,LPCAT1,BTRC,0,0.06238025036811132,0.06186386197805405,0.45462452072581294,0.46317582258523177,0.06803037892033142,0.45979490876197815,0.45426519152796985,0.06184554472565651
Q9BZB8,CPEB1,BTRC,0,0.04823057434276736,0.047881077975034714,0.4033356341846378,0.41734713978634125,0.05420157968204134,0.39359408617019653,0.40573351968262733,0.0478723980486393
P19838,NFKB1,BTRC,0,0.06555979394339902,0.06566538661718369,0.4698556354699233,0.4880974025974025,0.06976185320789631,0.4756505787372589,0.44483752471547333,0.0656476840376854
Q01664,TFAP4,BTRC,0,0.10795263268572096,0.13156676292419434,0.618436078681929,0.6629365079365079,0.10432435731409263,0.659942090511322,0.6185739913077801,0.12775014340877533
P10912,GHR,BTRC,0,0.06555979394339902,0.06566538661718369,0.4698556354699233,0.4880974025974025,0.06976185320789631,0.4756505787372589,0.44483752471547333,0.0656476840376854
Q13127,REST,BTRC,0,0.06555979394339902,0.06566538661718369,0.4698556354699233,0.4880974025974025,0.06976185320789631,0.4756505787372589,0.44483752471547333,0.0656476840376854
O95999,BCL10,BTRC,0,0.06238025036811132,0.06186386197805405,0.45462452072581294,0.46317582258523177,0.06803037892033142,0.45979490876197815,0.45426519152796985,0.06184554472565651
Q13485,SMAD4,BTRC,0,0.06238025036811132,0.06186386197805405,0.45462452072581294,0.46317582258523177,0.06803037892033142,0.45979490876197815,0.45426519152796985,0.06184554472565651
Q6PGQ7,BORA,BTRC,0,0.1623547584055063,0.11996021866798401,0.7073254124882744,0.35158730158730156,0.16728054628205355,0.06991232186555862,0.7071356933257036,0.2221028059720993
Q96K76,USP47,BTRC,0,0.056870169885351485,0.056711215525865555,0.43153955134296934,0.4492317524033683,0.06287555834430913,0.436923086643219,0.44228799926131906,0.056701067835092545
O43521,BCL2L11,BTRC,0,0.06238025036811132,0.06186386197805405,0.45462452072581294,0.46317582258523177,0.06803037892033142,0.45979490876197815,0.45426519152796985,0.06184554472565651
Q92539,LPIN2,BTRC,0,0.06238025036811132,0.06186386197805405,0.45462452072581294,0.46317582258523177,0.06803037892033142,0.45979490876197815,0.45426519152796985,0.06184554472565651
Q16875,PFKFB3,BTRC,0,0.056870169885351485,0.056711215525865555,0.43153955134296934,0.4492317524033683,0.06287555834430913,0.436923086643219,0.44228799926131906,0.056701067835092545
Q86T82,USP37,BTRC,0,0.06238025036811132,0.06186386197805405,0.45462452072581294,0.46317582258523177,0.06803037892033142,0.45979490876197815,0.45426519152796985,0.06184554472565651
P30305,CDC25B,BTRC,0,0.08742471588363689,0.10794675350189209,0.5611654778127516,0.5875366300366299,0.09520981970795853,0.6171445846557617,0.6502440608076021,0.1089748665690422
Q8N907,SP1,BTRC,0,0.056870169885351485,0.056711215525865555,0.43153955134296934,0.4492317524033683,0.06287555834430913,0.436923086643219,0.44228799926131906,0.056701067835092545
Q13563,PKD2,BTRC,0,0.04823057434276736,0.047881077975034714,0.4033356341846378,0.41734713978634125,0.05420157968204134,0.39359408617019653,0.40573351968262733,0.0478723980486393
P17181,IFNAR1,BTRC,0,0.0565159309011077,0.05671127140522003,0.4450880488416175,0.43881024289282006,0.05958678876709051,0.436923086643219,0.44517414188214494,0.05670878291130066
O43524,FOXO3,BTRC,0,0.04823057434276736,0.047881077975034714,0.4033356341846378,0.41734713978634125,0.05420157968204134,0.39359408617019653,0.40573351968262733,0.0478723980486393
P10070,GLI2,BTRC,0,0.06555979394339902,0.06566538661718369,0.4698556354699233,0.4880974025974025,0.06976185320789631,0.4756505787372589,0.44483752471547333,0.0656476840376854
P78545,ELF3,BTRC,0,0.04823057434276736,0.047881077975034714,0.4033356341846378,0.41734713978634125,0.05420157968204134,0.39359408617019653,0.40573351968262733,0.0478723980486393
P15260,IFNGR1,BTRC,0,0.056870169885351485,0.056711215525865555,0.43153955134296934,0.4492317524033683,0.06287555834430913,0.436923086643219,0.44228799926131906,0.056701067835092545
Q16236,NFE2L2,BTRC,0,0.06555979394339902,0.06566538661718369,0.4698556354699233,0.4880974025974025,0.06976185320789631,0.4756505787372589,0.44483752471547333,0.0656476840376854
P55036,PSMD4,BTRC,0,0.06555979394339902,0.06566538661718369,0.4698556354699233,0.4880974025974025,0.06976185320789631,0.4756505787372589,0.44483752471547333,0.0656476840376854
P25963,NFKBIA,BTRC,0,0.06238025036811132,0.06186386197805405,0.45462452072581294,0.46317582258523177,0.06803037892033142,0.45979490876197815,0.45426519152796985,0.06184554472565651
Q8N907,DAND5,BTRC,0,0.06555979394339902,0.06566538661718369,0.4698556354699233,0.4880974025974025,0.06976185320789631,0.4756505787372589,0.44483752471547333,0.0656476840376854
O00444,PLK4,BTRC,0,0.04823057434276736,0.047881077975034714,0.4033356341846378,0.41734713978634125,0.05420157968204134,0.39359408617019653,0.40573351968262733,0.0478723980486393
Q9NYP9,MIS18A,BTRC,0,0.06238025036811132,0.06186386197805405,0.45462452072581294,0.46317582258523177,0.06803037892033142,0.45979490876197815,0.45426519152796985,0.06184554472565651
Q8IYD8,FANCM,BTRC,0,0.04823057434276736,0.047881077975034714,0.4033356341846378,0.41734713978634125,0.05420157968204134,0.39359408617019653,0.40573351968262733,0.0478723980486393
Q9UM11,CDH1,BTRC,0,0.06238025036811132,0.06186386197805405,0.45462452072581294,0.46317582258523177,0.06803037892033142,0.45979490876197815,0.45426519152796985,0.06184554472565651
Q76N32,CEP68,BTRC,0,0.056870169885351485,0.056711215525865555,0.43153955134296934,0.4492317524033683,0.06287555834430913,0.436923086643219,0.44228799926131906,0.056701067835092545
Q07820,MCL1,BTRC,0,0.0565159309011077,0.05671127140522003,0.4450880488416175,0.43881024289282006,0.05958678876709051,0.436923086643219,0.44517414188214494,0.05670878291130066
Q00653,NFKB2,BTRC,0,0.0565159309011077,0.05671127140522003,0.4450880488416175,0.43881024289282006,0.05958678876709051,0.436923086643219,0.44517414188214494,0.05670878291130066
Q12959,DLG1,BTRC,0,0.08826378654121847,0.11996021866798401,0.5696712049359998,0.5344444444444444,0.10138268232344004,0.5808692574501038,0.5331024402476398,0.09755073487758636
O00418,EEF2K,BTRC,0,0.056870169885351485,0.056711215525865555,0.43153955134296934,0.4492317524033683,0.06287555834430913,0.436923086643219,0.44228799926131906,0.056701067835092545
Q92519,TRIB2,BTRC,0,0.06555979394339902,0.06566538661718369,0.4698556354699233,0.4880974025974025,0.06976185320789631,0.4756505787372589,0.44483752471547333,0.0656476840376854
P50539,MXI1,BTRC,0,0.06555979394339902,0.06566538661718369,0.4698556354699233,0.4880974025974025,0.06976185320789631,0.4756505787372589,0.44483752471547333,0.0656476840376854
O95863,SNAI1,FBXO22,0,0.056870169885351485,0.056711215525865555,0.43153955134296934,0.4492317524033683,0.06287555834430913,0.436923086643219,0.44228799926131906,0.056701067835092545
P35613,BSG,FBXO22,0,0.0565159309011077,0.05671127140522003,0.4450880488416175,0.43881024289282006,0.05958678876709051,0.436923086643219,0.44517414188214494,0.05670878291130066
O95817,BAG3,FBXO22,0,0.41559569994569406,0.16656535863876343,0.8649537901300144,0.9666666666666668,0.4216726409023236,0.8449659943580627,0.826173554121136,0.3625987768173218
O60346,PHLPP1,FBXO22,0,0.06238025036811132,0.06186386197805405,0.45462452072581294,0.46317582258523177,0.06803037892033142,0.45979490876197815,0.45426519152796985,0.06184554472565651
O75164,KDM4A,FBXO22,0,0.06238025036811132,0.06186386197805405,0.45462452072581294,0.46317582258523177,0.06803037892033142,0.45979490876197815,0.45426519152796985,0.06184554472565651
O14867,BACH1,FBXO22,0,0.0565159309011077,0.05671127140522003,0.4450880488416175,0.43881024289282006,0.05958678876709051,0.436923086643219,0.44517414188214494,0.05670878291130066
P04637,TP53,FBXO22,0,0.04823057434276736,0.047881077975034714,0.4033356341846378,0.41734713978634125,0.05420157968204134,0.39359408617019653,0.40573351968262733,0.0478723980486393
P60484,PTEN,FBXO22,0,0.06238025036811132,0.06186386197805405,0.45462452072581294,0.46317582258523177,0.06803037892033142,0.45979490876197815,0.45426519152796985,0.06184554472565651
O43474,KLF4,FBXO22,0,0.056870169885351485,0.056711215525865555,0.43153955134296934,0.4492317524033683,0.06287555834430913,0.436923086643219,0.44228799926131906,0.056701067835092545
Q00987,MDM2,FBXO22,0,0.0565159309011077,0.05671127140522003,0.4450880488416175,0.43881024289282006,0.05958678876709051,0.436923086643219,0.44517414188214494,0.05670878291130066
O94953,KDM4B,FBXO22,0,0.04823057434276736,0.047881077975034714,0.4033356341846378,0.41734713978634125,0.05420157968204134,0.39359408617019653,0.40573351968262733,0.0478723980486393
Q00987,MDM2,FBXO31,0,0.056870169885351485,0.056711215525865555,0.43153955134296934,0.4492317524033683,0.06287555834430913,0.436923086643219,0.44228799926131906,0.056701067835092545
Q9NPB6,PARD6A,FBXO31,0,0.06238025036811132,0.06186386197805405,0.45462452072581294,0.46317582258523177,0.06803037892033142,0.45979490876197815,0.45426519152796985,0.06184554472565651
O95863,SNAI1,FBXO31,0,0.0565159309011077,0.05671127140522003,0.4450880488416175,0.43881024289282006,0.05958678876709051,0.436923086643219,0.44517414188214494,0.05670878291130066
P52564,MAP2K6,FBXO31,0,0.06555979394339902,0.06566538661718369,0.4698556354699233,0.4880974025974025,0.06976185320789631,0.4756505787372589,0.44483752471547333,0.0656476840376854
P30279,CCND2,FBXO31,0,0.06555979394339902,0.06566538661718369,0.4698556354699233,0.4880974025974025,0.06976185320789631,0.4756505787372589,0.44483752471547333,0.0656476840376854
Q9Y6B2,EID1,FBXO21,0,0.04823057434276736,0.047881077975034714,0.4033356341846378,0.41734713978634125,0.05420157968204134,0.39359408617019653,0.40573351968262733,0.0478723980486393
P24468,NR2F2,FBXO21,0,0.06555979394339902,0.06566538661718369,0.4698556354699233,0.4880974025974025,0.06976185320789631,0.4756505787372589,0.44483752471547333,0.0656476840376854
P08183,ABCB1,FBXO21,0,0.06555979394339902,0.06566538661718369,0.4698556354699233,0.4880974025974025,0.06976185320789631,0.4756505787372589,0.44483752471547333,0.0656476840376854
P49585,PCYT1A,FBXL2,0,0.11413146458679013,0.12254747748374939,0.6240073461706566,0.6052170052170052,0.11376812825500307,0.6468109488487244,0.659682876093482,0.12296167761087418
Q96GD4,AURKB,FBXL2,0,0.04823057434276736,0.047881077975034714,0.4033356341846378,0.41734713978634125,0.05420157968204134,0.39359408617019653,0.40573351968262733,0.0478723980486393
Q96P20,NLRP3,FBXL2,0,0.08826378654121847,0.11996021866798401,0.5696712049359998,0.5344444444444444,0.10138268232344004,0.5808692574501038,0.5331024402476398,0.09755073487758636
P30281,CCND3,FBXL2,0,0.04823057434276736,0.047881077975034714,0.4033356341846378,0.41734713978634125,0.05420157968204134,0.39359408617019653,0.40573351968262733,0.0478723980486393
Q14573,ITPR3,FBXL2,0,0.056870169885351485,0.056711215525865555,0.43153955134296934,0.4492317524033683,0.06287555834430913,0.436923086643219,0.44228799926131906,0.056701067835092545
P05067,APP,FBXL2,0,0.06555979394339902,0.06566538661718369,0.4698556354699233,0.4880974025974025,0.06976185320789631,0.4756505787372589,0.44483752471547333,0.0656476840376854
P30279,CCND2,FBXL2,0,0.06238025036811132,0.06186386197805405,0.45462452072581294,0.46317582258523177,0.06803037892033142,0.45979490876197815,0.45426519152796985,0.06184554472565651
O00459,PIK3R2,FBXL2,0,0.06555979394339902,0.06566538661718369,0.4698556354699233,0.4880974025974025,0.06976185320789631,0.4756505787372589,0.44483752471547333,0.0656476840376854
Q08050,FOXM1,FBXL2,0,0.1623547584055063,0.11996021866798401,0.7073254124882744,0.35158730158730156,0.16728054628205355,0.06991232186555862,0.7071356933257036,0.2221028059720993
Q16526,CRY1,FBXL3,0,0.04823057434276736,0.047881077975034714,0.4033356341846378,0.41734713978634125,0.05420157968204134,0.39359408617019653,0.40573351968262733,0.0478723980486393
Q49AN0,CRY2,FBXL3,0,0.08742471588363689,0.10794675350189209,0.5611654778127516,0.5875366300366299,0.09520981970795853,0.6171445846557617,0.6502440608076021,0.1089748665690422
Q9UPW8,UNC13A,FBXO44,0,0.0565159309011077,0.05671127140522003,0.4450880488416175,0.43881024289282006,0.05958678876709051,0.436923086643219,0.44517414188214494,0.05670878291130066
P38398,BRCA1,FBXO44,0,0.08742471588363689,0.10794675350189209,0.5611654778127516,0.5875366300366299,0.09520981970795853,0.6171445846557617,0.6502440608076021,0.1089748665690422
P48200,IREB2,FBXL5,0,0.0565159309011077,0.05671127140522003,0.4450880488416175,0.43881024289282006,0.05958678876709051,0.436923086643219,0.44517414188214494,0.05670878291130066
O95863,SNAI1,FBXL5,0,0.056870169885351485,0.056711215525865555,0.43153955134296934,0.4492317524033683,0.06287555834430913,0.436923086643219,0.44228799926131906,0.056701067835092545
Q9BQ15,NABP2,FBXL5,0,0.0565159309011077,0.05671127140522003,0.4450880488416175,0.43881024289282006,0.05958678876709051,0.436923086643219,0.44517414188214494,0.05670878291130066
Q14203,DCTN1,FBXL5,0,0.11413146458679013,0.12254747748374939,0.6240073461706566,0.6052170052170052,0.11376812825500307,0.6468109488487244,0.659682876093482,0.12296167761087418
P37840,SNCA,FBXL5,0,0.056870169885351485,0.056711215525865555,0.43153955134296934,0.4492317524033683,0.06287555834430913,0.436923086643219,0.44228799926131906,0.056701067835092545
P00519,ABL1,FBXL5,0,0.06238025036811132,0.06186386197805405,0.45462452072581294,0.46317582258523177,0.06803037892033142,0.45979490876197815,0.45426519152796985,0.06184554472565651
O43474,KLF4,FBXO32,0,0.06555979394339902,0.06566538661718369,0.4698556354699233,0.4880974025974025,0.06976185320789631,0.4756505787372589,0.44483752471547333,0.0656476840376854
Q9Y6J0,CABIN1,FBXO32,0,0.056870169885351485,0.056711215525865555,0.43153955134296934,0.4492317524033683,0.06287555834430913,0.436923086643219,0.44228799926131906,0.056701067835092545
Q14896,MYBPC3,FBXO32,0,0.04823057434276736,0.047881077975034714,0.4033356341846378,0.41734713978634125,0.05420157968204134,0.39359408617019653,0.40573351968262733,0.0478723980486393
O00303,EIF3F,FBXO32,0,0.10795263268572096,0.13156676292419434,0.618436078681929,0.6629365079365079,0.10432435731409263,0.659942090511322,0.6185739913077801,0.12775014340877533
P19429,TNNI3,FBXO32,0,0.056870169885351485,0.056711215525865555,0.43153955134296934,0.4492317524033683,0.06287555834430913,0.436923086643219,0.44228799926131906,0.056701067835092545
Q16558,KCNMB1,FBXO32,0,0.04823057434276736,0.047881077975034714,0.4033356341846378,0.41734713978634125,0.05420157968204134,0.39359408617019653,0.40573351968262733,0.0478723980486393
P15172,MYOD1,FBXO32,0,0.0565159309011077,0.05671127140522003,0.4450880488416175,0.43881024289282006,0.05958678876709051,0.436923086643219,0.44517414188214494,0.05670878291130066
P15173,MYOG,FBXO32,0,0.04823057434276736,0.047881077975034714,0.4033356341846378,0.41734713978634125,0.05420157968204134,0.39359408617019653,0.40573351968262733,0.0478723980486393
P20848,ATR,FBXO32,0,0.06555979394339902,0.06566538661718369,0.4698556354699233,0.4880974025974025,0.06976185320789631,0.4756505787372589,0.44483752471547333,0.0656476840376854
Q9UBF9,MYOT,FBXO32,0,0.04823057434276736,0.047881077975034714,0.4033356341846378,0.41734713978634125,0.05420157968204134,0.39359408617019653,0.40573351968262733,0.0478723980486393
P28562,DUSP1,FBXO32,0,0.0565159309011077,0.05671127140522003,0.4450880488416175,0.43881024289282006,0.05958678876709051,0.436923086643219,0.44517414188214494,0.05670878291130066
P61371,ISL1,FBXO25,0,0.06555979394339902,0.06566538661718369,0.4698556354699233,0.4880974025974025,0.06976185320789631,0.4756505787372589,0.44483752471547333,0.0656476840376854
P52952,NKX2-5,FBXO25,0,0.056870169885351485,0.056711215525865555,0.43153955134296934,0.4492317524033683,0.06287555834430913,0.436923086643219,0.44228799926131906,0.056701067835092545
P19419,ELK1,FBXO25,0,0.08826378654121847,0.11996021866798401,0.5696712049359998,0.5344444444444444,0.10138268232344004,0.5808692574501038,0.5331024402476398,0.09755073487758636
O96004,HAND1,FBXO25,0,0.056870169885351485,0.056711215525865555,0.43153955134296934,0.4492317524033683,0.06287555834430913,0.436923086643219,0.44228799926131906,0.056701067835092545
P13473,LAMP2,FBXO27,0,0.06555979394339902,0.06566538661718369,0.4698556354699233,0.4880974025974025,0.06976185320789631,0.4756505787372589,0.44483752471547333,0.0656476840376854
Q14653,IRF3,FBXO6,0,0.06238025036811132,0.06186386197805405,0.45462452072581294,0.46317582258523177,0.06803037892033142,0.45979490876197815,0.45426519152796985,0.06184554472565651
O00584,RNASET2,FBXO6,0,0.056870169885351485,0.056711215525865555,0.43153955134296934,0.4492317524033683,0.06287555834430913,0.436923086643219,0.44228799926131906,0.056701067835092545
O14757,CHEK1,FBXO6,0,0.0565159309011077,0.05671127140522003,0.4450880488416175,0.43881024289282006,0.05958678876709051,0.436923086643219,0.44517414188214494,0.05670878291130066
Q9BRS2,RIOK1,FBXO6,0,0.06555979394339902,0.06566538661718369,0.4698556354699233,0.4880974025974025,0.06976185320789631,0.4756505787372589,0.44483752471547333,0.0656476840376854
Q96HE7,ERO1A,FBXO6,0,0.04823057434276736,0.047881077975034714,0.4033356341846378,0.41734713978634125,0.05420157968204134,0.39359408617019653,0.40573351968262733,0.0478723980486393
P02786,TFRC,FBXO6,0,0.04823057434276736,0.047881077975034714,0.4033356341846378,0.41734713978634125,0.05420157968204134,0.39359408617019653,0.40573351968262733,0.0478723980486393
O75882,ATRN,FBXO6,0,0.06238025036811132,0.06186386197805405,0.45462452072581294,0.46317582258523177,0.06803037892033142,0.45979490876197815,0.45426519152796985,0.06184554472565651
Q13490,BIRC2,FBXO7,0,0.06238025036811132,0.06186386197805405,0.45462452072581294,0.46317582258523177,0.06803037892033142,0.45979490876197815,0.45426519152796985,0.06184554472565651
Q96SW2,CRBN,FBXO7,0,0.0565159309011077,0.05671127140522003,0.4450880488416175,0.43881024289282006,0.05958678876709051,0.436923086643219,0.44517414188214494,0.05670878291130066
O75398,SPN,FBXO7,0,0.08742471588363689,0.10794675350189209,0.5611654778127516,0.5875366300366299,0.09520981970795853,0.6171445846557617,0.6502440608076021,0.1089748665690422
Q15398,DLGAP5,FBXO7,0,0.11413146458679013,0.12254747748374939,0.6240073461706566,0.6052170052170052,0.11376812825500307,0.6468109488487244,0.659682876093482,0.12296167761087418
Q12933,TRAF2,FBXO7,0,0.06555979394339902,0.06566538661718369,0.4698556354699233,0.4880974025974025,0.06976185320789631,0.4756505787372589,0.44483752471547333,0.0656476840376854
O43156,TTI1,FBXO9,0,0.06238025036811132,0.06186386197805405,0.45462452072581294,0.46317582258523177,0.06803037892033142,0.45979490876197815,0.45426519152796985,0.06184554472565651
Q9H2A3,NEUROG2,FBXO9,0,0.0565159309011077,0.05671127140522003,0.4450880488416175,0.43881024289282006,0.05958678876709051,0.436923086643219,0.44517414188214494,0.05670878291130066
Q9Y4R8,TELO2,FBXO9,0,0.08826378654121847,0.11996021866798401,0.5696712049359998,0.5344444444444444,0.10138268232344004,0.5808692574501038,0.5331024402476398,0.09755073487758636
O95863,SNAI1,FBXL7,0,0.04823057434276736,0.047881077975034714,0.4033356341846378,0.41734713978634125,0.05420157968204134,0.39359408617019653,0.40573351968262733,0.0478723980486393
P12931,SRC,FBXL7,0,0.08742471588363689,0.10794675350189209,0.5611654778127516,0.5875366300366299,0.09520981970795853,0.6171445846557617,0.6502440608076021,0.1089748665690422
O14965,AURKA,FBXL7,0,0.06555979394339902,0.06566538661718369,0.4698556354699233,0.4880974025974025,0.06976185320789631,0.4756505787372589,0.44483752471547333,0.0656476840376854
O15392,BIRC5,FBXL7,0,0.08742471588363689,0.10794675350189209,0.5611654778127516,0.5875366300366299,0.09520981970795853,0.6171445846557617,0.6502440608076021,0.1089748665690422
Q9BX63,BRIP1,FBXL17,0,0.11873330223785981,0.09968319535255432,0.6281024128703905,0.3204184704184704,0.11376812825500307,0.06186864897608757,0.4713302853932061,0.08841217309236526
Q9UMX1,SUFU,FBXL17,0,0.056870169885351485,0.056711215525865555,0.43153955134296934,0.4492317524033683,0.06287555834430913,0.436923086643219,0.44228799926131906,0.056701067835092545
O14867,BACH1,FBXL17,0,0.0565159309011077,0.05671127140522003,0.4450880488416175,0.43881024289282006,0.05958678876709051,0.436923086643219,0.44517414188214494,0.05670878291130066
P53805,RCAN1,FBXW11,0,0.06238025036811132,0.06186386197805405,0.45462452072581294,0.46317582258523177,0.06803037892033142,0.45979490876197815,0.45426519152796985,0.06184554472565651
Q76N32,CEP68,FBXW11,0,0.056870169885351485,0.056711215525865555,0.43153955134296934,0.4492317524033683,0.06287555834430913,0.436923086643219,0.44228799926131906,0.056701067835092545
O15111,CHUK,FBXW11,0,0.06238025036811132,0.06186386197805405,0.45462452072581294,0.46317582258523177,0.06803037892033142,0.45979490876197815,0.45426519152796985,0.06184554472565651
P30305,CDC25B,FBXW11,0,0.11413146458679013,0.12254747748374939,0.6240073461706566,0.6052170052170052,0.11376812825500307,0.6468109488487244,0.659682876093482,0.12296167761087418
Q8IYD8,FANCM,FBXW11,0,0.06555979394339902,0.06566538661718369,0.4698556354699233,0.4880974025974025,0.06976185320789631,0.4756505787372589,0.44483752471547333,0.0656476840376854
O15055,PER2,FBXW11,0,0.0565159309011077,0.05671127140522003,0.4450880488416175,0.43881024289282006,0.05958678876709051,0.436923086643219,0.44517414188214494,0.05670878291130066
P17181,IFNAR1,FBXW11,0,0.04823057434276736,0.047881077975034714,0.4033356341846378,0.41734713978634125,0.05420157968204134,0.39359408617019653,0.40573351968262733,0.0478723980486393
P25963,NFKBIA,FBXW11,0,0.0565159309011077,0.05671127140522003,0.4450880488416175,0.43881024289282006,0.05958678876709051,0.436923086643219,0.44517414188214494,0.05670878291130066
Q12959,DLG1,FBXW11,0,0.10795263268572096,0.13156676292419434,0.618436078681929,0.6629365079365079,0.10432435731409263,0.659942090511322,0.6185739913077801,0.12775014340877533
Q8TB45,DEPTOR,FBXW11,0,0.08826378654121847,0.11996021866798401,0.5696712049359998,0.5344444444444444,0.10138268232344004,0.5808692574501038,0.5331024402476398,0.09755073487758636
P46937,YAP1,FBXW11,0,0.056870169885351485,0.056711215525865555,0.43153955134296934,0.4492317524033683,0.06287555834430913,0.436923086643219,0.44228799926131906,0.056701067835092545
O15534,PER1,FBXW11,0,0.04823057434276736,0.047881077975034714,0.4033356341846378,0.41734713978634125,0.05420157968204134,0.39359408617019653,0.40573351968262733,0.0478723980486393
P30291,WEE1,FBXW11,0,0.1623547584055063,0.11996021866798401,0.7073254124882744,0.35158730158730156,0.16728054628205355,0.06991232186555862,0.7071356933257036,0.2221028059720993
O00444,PLK4,FBXW11,0,0.056870169885351485,0.056711215525865555,0.43153955134296934,0.4492317524033683,0.06287555834430913,0.436923086643219,0.44228799926131906,0.056701067835092545
O14920,IKBKB,FBXW11,0,0.04823057434276736,0.047881077975034714,0.4033356341846378,0.41734713978634125,0.05420157968204134,0.39359408617019653,0.40573351968262733,0.0478723980486393
P16471,PRLR,FBXW11,0,0.06238025036811132,0.06186386197805405,0.45462452072581294,0.46317582258523177,0.06803037892033142,0.45979490876197815,0.45426519152796985,0.06184554472565651
P35222,CTNNB1,FBXW11,0,0.0565159309011077,0.05671127140522003,0.4450880488416175,0.43881024289282006,0.05958678876709051,0.436923086643219,0.44517414188214494,0.05670878291130066
O60343,TBC1D4,FBXW11,0,0.04823057434276736,0.047881077975034714,0.4033356341846378,0.41734713978634125,0.05420157968204134,0.39359408617019653,0.40573351968262733,0.0478723980486393
P19838,NFKB1,FBXW11,0,0.0565159309011077,0.05671127140522003,0.4450880488416175,0.43881024289282006,0.05958678876709051,0.436923086643219,0.44517414188214494,0.05670878291130066
Q9HAW4,CLSPN,FBXW11,0,0.08742471588363689,0.10794675350189209,0.5611654778127516,0.5875366300366299,0.09520981970795853,0.6171445846557617,0.6502440608076021,0.1089748665690422
Q9P2F8,SIPA1L2,FBXW11,0,0.2795689171131349,0.11996021866798401,0.8152285913230727,0.8,0.26345379441377514,0.9073071479797363,0.8362275302690058,0.2221028059720993
Q13127,REST,FBXW11,0,0.04823057434276736,0.047881077975034714,0.4033356341846378,0.41734713978634125,0.05420157968204134,0.39359408617019653,0.40573351968262733,0.0478723980486393
Q9NX09,DDIT4,FBXW11,0,0.10795263268572096,0.13156676292419434,0.618436078681929,0.6629365079365079,0.10432435731409263,0.659942090511322,0.6185739913077801,0.12775014340877533
O14503,BHLHE40,FBXW11,0,0.0565159309011077,0.05671127140522003,0.4450880488416175,0.43881024289282006,0.05958678876709051,0.436923086643219,0.44517414188214494,0.05670878291130066
P30304,CDC25A,FBXW11,0,0.056870169885351485,0.056711215525865555,0.43153955134296934,0.4492317524033683,0.06287555834430913,0.436923086643219,0.44228799926131906,0.056701067835092545
O00308,WWP2,FBXL15,0,0.056870169885351485,0.056711215525865555,0.43153955134296934,0.4492317524033683,0.06287555834430913,0.436923086643219,0.44228799926131906,0.056701067835092545
Q9HAU4,SMURF2,FBXL15,0,0.06555979394339902,0.06566538661718369,0.4698556354699233,0.4880974025974025,0.06976185320789631,0.4756505787372589,0.44483752471547333,0.0656476840376854
Q9HCE7,SMURF1,FBXL15,0,0.0565159309011077,0.05671127140522003,0.4450880488416175,0.43881024289282006,0.05958678876709051,0.436923086643219,0.44517414188214494,0.05670878291130066
P54274,TERF1,FBXO4,0,0.0565159309011077,0.05671127140522003,0.4450880488416175,0.43881024289282006,0.05958678876709051,0.436923086643219,0.44517414188214494,0.05670878291130066
P05362,ICAM1,FBXO4,0,0.11413146458679013,0.12254747748374939,0.6240073461706566,0.6052170052170052,0.11376812825500307,0.6468109488487244,0.659682876093482,0.12296167761087418
Q07820,MCL1,FBXO4,0,0.06238025036811132,0.06186386197805405,0.45462452072581294,0.46317582258523177,0.06803037892033142,0.45979490876197815,0.45426519152796985,0.06184554472565651
P51114,FXR1,FBXO4,0,0.06555979394339902,0.06566538661718369,0.4698556354699233,0.4880974025974025,0.06976185320789631,0.4756505787372589,0.44483752471547333,0.0656476840376854
P04637,TP53,FBXO42,0,0.06238025036811132,0.06186386197805405,0.45462452072581294,0.46317582258523177,0.06803037892033142,0.45979490876197815,0.45426519152796985,0.06184554472565651
P49815,TSC2,FBXW5,0,0.10795263268572096,0.13156676292419434,0.618436078681929,0.6629365079365079,0.10432435731409263,0.659942090511322,0.6185739913077801,0.12775014340877533
Q12929,EPS8,FBXW5,0,0.04823057434276736,0.047881077975034714,0.4033356341846378,0.41734713978634125,0.05420157968204134,0.39359408617019653,0.40573351968262733,0.0478723980486393
Q9Y238,DLEC1,FBXW5,0,0.0565159309011077,0.05671127140522003,0.4450880488416175,0.43881024289282006,0.05958678876709051,0.436923086643219,0.44517414188214494,0.05670878291130066
P63167,DLC1,FBXW5,0,0.06555979394339902,0.06566538661718369,0.4698556354699233,0.4880974025974025,0.06976185320789631,0.4756505787372589,0.44483752471547333,0.0656476840376854
Q6UVJ0,SASS6,FBXW5,0,0.06555979394339902,0.06566538661718369,0.4698556354699233,0.4880974025974025,0.06976185320789631,0.4756505787372589,0.44483752471547333,0.0656476840376854
O95863,SNAI1,FBXO11,0,0.0565159309011077,0.05671127140522003,0.4450880488416175,0.43881024289282006,0.05958678876709051,0.436923086643219,0.44517414188214494,0.05670878291130066
Q9NZJ0,DTL,FBXO11,0,0.10795263268572096,0.13156676292419434,0.618436078681929,0.6629365079365079,0.10432435731409263,0.659942090511322,0.6185739913077801,0.12775014340877533
P41182,BCL6,FBXO11,0,0.08742471588363689,0.10794675350189209,0.5611654778127516,0.5875366300366299,0.09520981970795853,0.6171445846557617,0.6502440608076021,0.1089748665690422
O75626,PRDM1,FBXO11,0,0.06238025036811132,0.06186386197805405,0.45462452072581294,0.46317582258523177,0.06803037892033142,0.45979490876197815,0.45426519152796985,0.06184554472565651
