gene_name,accession
AAAS,Q9NRG9
ABCA1,O95477
ABCF2,Q9UG63
ABL1,P00519
ACACA,Q13085
ACKR3,P25106
ACLY,P53396
ACSL3,O95573
ACTR2,P61160
ACTR3,P61158
ADA,P00813
ADAM17,P78536
ADCY6,O43306
ADD1,P35611
ADD3,Q9UEY8
ADIPOR2,Q86V24
ADRM1,Q16186
AGO4,Q9HCK5
AIFM3,Q96NN9
AK1,P00568
AK3,Q9UIJ7
AK4,P27144
ALDOA,P04075
ALYREF,Q86V81
AMD1,P17707
ANKH,Q9HCJ1
ANXA1,P04083
APP,P05067
APRT,P07741
AREG,P15514
ARID4A,P29374
ARL6IP1,Q15041
ARPC5L,Q9BPX5
ASNS,P08243
ATF3,P18847
ATF5,Q9Y2D1
ATP2A2,P16615
ATP2B1,P20020
ATP5MC1,P05496
ATP6V1D,Q9Y5K8
ATRX,P46100
AURKA,O14965
AURKB,Q96GD4
AVPR1A,P37288
AXIN1,O15169
AXIN2,Q9Y2T1
B4GALT1,P15291
B4GALT5,O43286
BARD1,Q99728
BAX,Q07812
BCAM,P50895
BCAP31,P51572
BCAT1,P54687
BCL10,O95999
BCL2A1,Q16548
BCL2L1,Q07817
BCL2L10,Q9HD36
BCL2L11,O43521
BCL2L2,Q92843
BCL3,P20749
BCL6,P41182
BGN,P21810
BHLHE40,O14503
BID,P55957
BIK,Q13323
BIRC2,Q13490
BIRC3,Q13489
BIRC5,O15392
BMF,Q96LC9
BMP2,P12643
BNIP3L,O60238
BOLA2,Q9H3K6
BRCA1,P38398
BRCA2,P51587
BRF2,Q9HAW0
BTG1,P62324
BTG2,P78543
BTG3,Q14201
BUB1,O43683
BUB3,O43684
CACYBP,Q9HB71
CALR,P27797
CANT1,Q8WVQ1
CANX,P27824
CASP1,P29466
CASP2,P42575
CASP3,P42574
CASP4,P49662
CASP6,P55212
CASP7,P55210
CASP8,Q14790
CASP8AP2,Q9UKL3
CASP9,P55211
CAV1,Q03135
CBX1,P83916
CCL2,P13500
CCL20,P78556
CCL4,P13236
CCL5,P13501
CCN1,O00622
CCNA1,P78396
CCNA2,P20248
CCNB2,O95067
CCND1,P24385
CCND2,P30279
CCNF,P41002
CCNG1,P51959
CCNL1,Q9UK58
CCNO,P22674
CCNT1,O60563
CCRL2,O00421
CCT6A,P40227
CD14,P08571
CD2,P06729
CD38,P28907
CD44,P16070
CD69,Q07108
CD80,P33681
CD83,Q01151
CD9,P21926
CDA,P32320
CDC20,Q12834
CDC25A,P30304
CDC25B,P30305
CDC27,P30260
CDC45,O75419
CDC6,Q99741
CDC7,O00311
CDK1,P06493
CDK2,P24941
CDK4,P11802
CDKN1A,P38936
CDKN1B,P46527
CDKN2C,P42773
CDKN3,Q16667
CEBPB,P17676
CEBPD,P49716
CENPA,P49450
CENPE,Q02224
CENPF,P49454
CETN2,P41208
CFLAR,O15519
CFP,P27918
CHAF1A,Q13111
CHEK1,O14757
CHMP1A,Q9HD42
CKS1B,P61024
CKS2,P33552
CLCF1,Q9UBD9
CLP1,Q92989
CLU,P10909
CMPK2,Q5EBM0
COPS5,Q92905
CORO1A,P31146
COX17,Q14061
CREBBP,Q92793
CSF1,P09603
CSF2,P04141
CSNK1E,P49674
CSTF3,Q12996
CTCF,P49711
CTH,P32929
CTNNB1,P35222
CTSC,P53634
CUL1,Q13616
CUL3,Q13618
CUL4A,Q13619
CUL5,Q93034
CXCL1,P09341
CXCL10,P02778
CXCL11,O14625
CXCL2,P19875
CXCL3,P19876
CXCL6,P80162
CXCR4,P61073
CYB5B,O43169
CYLD,Q9NQC7
CYP51A1,Q16850
DAD1,P61803
DAP,P51397
DAP3,P51398
DAPP1,Q9UN19
DBF4,Q9UBU7
DCN,P07585
DCTN4,Q9UJW0
DDB1,Q16531
DDB2,Q92466
DDIT3,P35638
DDIT4,Q9NX09
DDX39A,O00148
DENND5A,Q6IQ26
DFFA,O00273
DGCR8,Q8WYQ5
DGUOK,Q16854
DHCR24,Q15392
DHCR7,Q9UBM7
DHFR,P00374
DIABLO,Q9NR28
DKC1,O60832
DKK1,O94907
DKK4,Q9UBT3
DLL1,O00548
DMD,P11532
DNAJA1,P31689
DNAJB4,Q9UDY4
DNAJC3,Q13217
DNM1L,O00429
DPYD,Q12882
DR1,Q01658
DRAM1,Q8N682
DTYMK,P23919
DUSP1,P28562
DUSP2,Q05923
DUSP4,Q13115
DUSP5,Q16690
DUT,P33316
DVL2,O14641
E2F1,Q01094
E2F2,Q14209
E2F3,O00716
E2F4,Q16254
EBP,Q15125
EDEM1,Q92611
EDF1,O60869
EDN1,P05305
EEF1E1,O43324
EFNA1,P20827
EFNA5,P52803
EGF,P01133
EGLN3,Q9H6Z9
EGR1,P18146
EGR2,P11161
EGR3,Q06889
EHD1,Q9H4M9
EIF1,P41567
EIF1B,O60739
EIF2S2,P20042
ELL,P55199
ELOA,Q14241
ELOVL5,Q9NYP7
ELOVL6,Q9H5J4
EMP1,P54849
ENO1,P06733
ENO2,P09104
EPRS1,P07814
ERBB2,P04626
ERBB3,P21860
ERCC1,P07992
ERCC2,P18074
ERCC3,P19447
ERCC4,Q92889
ERCC5,P28715
ERCC8,Q13216
EREG,O14944
ERO1A,Q96HE7
ESPL1,Q14674
ETF1,P62495
ETS2,P15036
EWSR1,Q01844
EXO1,Q9UQ84
EZH2,Q15910
F2,P00734
F2R,P25116
F2RL1,P55085
F3,P13726
FADS1,O60427
FADS2,O95864
FANCC,Q00597
FAS,P25445
FASLG,P48023
FBXO5,Q9UKT4
FDXR,P22570
FEN1,P39748
FEZ1,Q99689
FGL2,Q14314
FJX1,Q86VR8
FKBP2,P26885
FOS,P01100
FOSB,P53539
FOSL1,P15407
FOSL2,P15408
FOXN3,O00409
FRAT1,Q92837
FUT4,P22083
FZD1,Q9UP38
FZD8,Q9H461
G0S2,P27469
G3BP1,Q13283
G6PD,P11413
GADD45A,P24522
GADD45B,O75293
GAPDH,P04406
GBE1,Q04446
GCH1,P30793
GCLC,P48506
GEM,P55040
GFPT2,O94808
GGA2,Q9UJY4
GINS2,Q9Y248
GLA,P06280
GLRX,P35754
GMPR2,Q9P2T1
GMPS,P49915
GNA15,P30679
GNAI1,P63096
GOT1,P17174
GPI,P06744
GPR183,P32249
GPX1,P07203
GPX3,P22352
GPX4,P36969
GSDME,O60443
GSK3B,P49841
GSN,P06396
GSPT1,P15170
GSR,P00390
GSTM1,P09488
GTF2A2,P52657
GTF2B,Q00403
GTF2F1,P35269
GTF2H1,P32780
GTF2H3,Q13889
GTF2H5,Q6ZYL4
GTF3C5,Q9Y5Q8
GUCY2D,Q02846
GUK1,Q16774
H1-0,P07305
H2AX,P16104
H2AZ1,P0C0S5
H2AZ2,Q71UI9
H2BC12,O60814
HBEGF,Q99075
HCLS1,P14317
HDAC11,Q96DB2
HDAC2,Q92769
HDAC5,Q9UQL6
HES1,Q14469
HEY1,Q9Y5J3
HEY2,Q9UBP5
HGF,P14210
HIF1A,Q16665
HIRA,P54198
HK2,P52789
HMBS,P08397
HMGA1,P17096
HMGB2,P26583
HMGB3,O15347
HMGCR,P04035
HMGCS1,Q01581
HMGN2,P05204
HMMR,O75330
HMOX1,P09601
HNRNPD,Q14103
HNRNPU,Q00839
HOXC10,Q9NYD6
HPRT1,P00492
HSP90B1,P14625
HSPA4,P34932
HSPA5,P11021
HSPA8,P11142
HSPA9,P38646
HSPB1,P04792
HSPD1,P10809
HSPE1,P61604
HUS1,O60921
ICAM1,P05362
ICOSLG,O75144
ID2,Q02363
IDH1,O75874
IDI1,Q13907
IER2,Q9BTL4
IER3,P46695
IER5,Q5VY09
IFI30,P13284
IFIH1,Q9BYX4
IFIT2,P09913
IFITM3,Q01628
IFNB1,P01574
IFNGR1,P15260
IFNGR2,P38484
IFRD1,O00458
IGF2R,P11717
IGFBP5,P24593
IGFBP6,P24592
IL12B,P29460
IL15RA,Q13261
IL18,Q14116
IL1A,P01583
IL1B,P01584
IL23A,Q9NPF7
IL6,P05231
IL6ST,P40189
IL7R,P16871
ILF3,Q12906
IMMT,Q16891
IMPDH2,P12268
INCENP,Q9NQS7
INHBA,P08476
INSIG1,O15503
IRF1,P10914
IRS2,Q9Y4H2
ISG20,Q96AZ6
ITGB2,P05107
ITPA,Q9BY32
JAG1,P78504
JAG2,Q9Y219
JPT1,Q9UK76
JUN,P05412
JUNB,P17275
KAT2A,Q92830
KATNA1,O75449
KDM6B,O15054
KIF11,P52732
KIF15,Q9NS87
KIF20B,Q96Q89
KIF22,Q14807
KIF23,Q02241
KIF2C,Q99661
KIF4A,O95239
KIF5B,P33176
KLF10,Q13118
KLF2,Q9Y5W3
KLF4,O43474
KLF6,Q99612
KLF9,Q13886
KMT5A,Q9NQR1
KNL1,Q8NG31
KPNA2,P52292
KPNB1,Q14974
KRT18,P05783
KYNU,Q16719
LAMB3,Q13751
LBR,Q14739
LDHA,P00338
LDLR,P01130
LEF1,Q9UJU2
LGALS3,P17931
LGMN,Q99538
LIF,P15018
LIG1,P18858
LIG3,P49916
LITAF,Q99732
LMNA,P02545
LMNB1,P20700
LTA4H,P09960
LUM,P51884
M6PR,P20645
MAD2L1,Q13257
MADD,Q8WXG6
MAFF,Q9ULX9
MAML1,Q92585
MAP2K3,P46734
MAP3K20,Q9NYL2
MAP3K8,P41279
MAPK14,Q16539
MARCKS,P29966
MCL1,Q07820
MCM2,P49736
MCM3,P25205
MCM4,P33991
MCM5,P33992
MCM6,Q14566
ME1,P48163
MEIS1,O00470
MEIS2,O14770
MGMT,P16455
MKI67,P46013
MLLT11,Q13015
MMP2,P08253
MNAT1,P51948
MPC2,O95563
MPG,P29372
MRPL40,Q9NQ50
MSC,O60682
MT2A,P02795
MTF2,Q9Y483
MTHFD2,P13995
MTHFD2L,Q9H903
MXD1,Q05195
MYBL2,P10244
MYC,P01106
NAMPT,P43490
NASP,P49321
NCBP2,P52298
NCL,P19338
NCOR2,Q9Y618
NCSTN,Q92542
NDC80,O14777
NEDD9,Q14511
NEFH,P12036
NEK2,P51955
NELFB,Q8WX92
NELFCD,Q8IXH7
NELFE,P18615
NFAT5,O94916
NFE2L2,Q16236
NFIL3,Q16649
NFKB1,P19838
NFKB2,Q00653
NFKBIA,P25963
NFKBIB,Q15653
NFKBIE,O00221
NFX1,Q12986
NFYC,Q13952
NHERF1,O14745
NIBAN1,Q9BZQ8
NINJ1,Q92982
NKD1,Q969G9
NME1,P15531
NME3,Q13232
NME4,O00746
NMT1,P30419
NOLC1,Q14978
NOTCH1,P46531
NOTCH2,Q04721
NOTCH4,Q99466
NPR2,P20594
NR4A1,P22736
NR4A2,P43354
NR4A3,Q92570
NSD2,O96028
NT5C,Q8TCD5
NT5C3A,Q9H0P0
NUDT21,O43809
NUDT9,Q9BW91
NUFIP1,Q9UHK0
NUMA1,Q14980
NUMB,P49757
NUP205,Q92621
NUP50,Q9UKX7
NUP98,P52948
NUPR1,O60356
NUSAP1,Q9BXS6
ODC1,P11926
ODF2,Q5BJF6
OLR1,P78380
ORC5,O43913
ORC6,Q9Y5N6
P4HA1,P13674
PAFAH1B1,P43034
PAK1,Q13153
PANX1,Q96RD7
PBK,Q96KB5
PCNA,P12004
PDAP1,Q13442
PDCD4,Q53EL6
PDE4B,Q07343
PDE6G,P18545
PDGFRB,P09619
PDK1,Q15118
PDLIM5,Q96HC4
PDS5B,Q9NTI5
PEA15,Q15121
PER1,O15534
PFKFB3,Q16875
PFKL,P17858
PGK1,P00558
PGM1,P36871
PHGDH,O43175
PHLDA1,Q8WV24
PHLDA2,Q53GA4
PIK3R3,Q92569
PITPNB,P48739
PLAT,P00750
PLAU,P00749
PLAUR,Q03405
PLCB2,Q00722
PLEK,P08567
PLK1,P53350
PLK2,Q9NYY3
PLK4,O00444
PLOD2,O00469
PLPP3,O14495
PLPPR4,Q7Z2D5
PMAIP1,Q13794
PMEPA1,Q969W9
PML,P29590
PNO1,Q9NRX1
PNP,P00491
PNRC1,Q12796
POLA1,P09884
POLA2,Q14181
POLB,P06746
POLD1,P28340
POLD3,Q15054
POLD4,Q9HCU8
POLE,Q07864
POLE4,Q9NR33
POLH,Q9Y253
POLL,Q9UGP5
POLQ,O75417
POLR1C,O15160
POLR1D,P0DPB6
POLR1H,Q9P1U0
POLR2A,P24928
POLR2C,P19387
POLR2D,O15514
POLR2E,P19388
POLR2F,P61218
POLR2G,P62487
POLR2H,P52434
POLR2I,P36954
POLR2J,P52435
POLR2K,P53803
POLR3C,Q9BUI4
POLR3G,O15318
POLR3GL,Q9BT43
POM121,Q96HA1
PPA1,Q15181
PPARD,Q03181
PPIA,P62937
PPP1R15A,O75807
PPP2R5B,Q15173
PPP3R1,P63098
PPT1,P50897
PRC1,O43663
PRDX1,Q06830
PRF1,P14222
PRIM1,P49642
PRIM2,P49643
PRMT5,O14744
PRP4K,Q13523
PSAT1,Q9Y617
PSEN1,P49768
PSEN2,P49810
PSMA3,P25788
PSMA4,P25789
PSMB5,P28074
PSMC2,P35998
PSMC4,P43686
PSMC6,P62333
PSMD12,O00232
PSMD13,Q9UNM6
PSMD14,O00487
PSME3,P61289
PSMG1,O95456
PSPH,P78330
PTCH1,Q13635
PTGER4,P35408
PTGS2,P35354
PTK2,Q05397
PTPRE,P23469
PTTG1,O95997
PTTG3P,Q9NZH4
PTX3,P26022
PURA,Q00577
QDPR,P09417
RAB1A,P62820
RACGAP1,Q9H0H5
RAD21,O60216
RAD23B,P54727
RAD51,Q06609
RAD52,P43351
RAD54L,Q92698
RAE1,P78406
RALA,P11233
RARA,P10276
RASAL2,Q9UJF2
RBL1,P28749
RBM14,Q96PK6
RBPJ,Q06330
RBX1,P62877
RCAN1,P53805
RDH11,Q8TC12
REL,Q04864
RELA,Q04206
RELB,Q01201
RETSAT,Q6NUM9
REV3L,O60673
RFC2,P35250
RFC3,P40938
RFC4,P35249
RFC5,P40937
RHOB,P62745
RHOT2,Q8IXI1
RIGI,O95786
RIPK2,O43353
RIT1,Q92963
RNASEL,Q05823
RNF19B,Q6ZMZ0
RNMT,O43148
ROCK1,Q13464
RPA1,P27694
RPA2,P15927
RPA3,P35244
RPN1,P04843
RPS6KA5,O75582
RRM2,P31350
RRM2B,Q7LG56
RRP9,O43818
SAC3D1,A6NKF1
SAP30,O75446
SAT1,P21673
SATB1,Q01826
SC5D,O75845
SCD,O00767
SDC4,P31431
SDCBP,O00560
SDF2L1,Q9HCN8
SEC11A,P67812
SEC61A1,P61619
SERP1,Q9Y6X1
SERPINB2,P05120
SERPINB8,P50452
SERPINE1,P05121
SERPINH1,P50454
SF3A3,Q12874
SFPQ,P23246
SGK1,O00141
SHMT2,P34897
SIK1,NOT_FOUND
SKAP2,O75563
SKP2,Q13309
SLA,Q13239
SLC12A2,P55011
SLC16A6,O15403
SLC1A4,P43007
SLC1A5,NOT_FOUND
SLC20A1,Q8WUM9
SLC2A1,P11166
SLC2A3,P11169
SLC2A6,Q9UGQ3
SLC37A4,O43826
SLC38A1,Q9H2H9
SLC6A6,P31641
SLC7A1,P30825
SLC7A11,Q9UPY5
SLC7A5,Q01650
SMAD3,P84022
SMAD5,Q99717
SMAD7,O15105
SMARCC1,Q92922
SMC1A,Q14683
SMC2,O95347
SMC4,Q9NTJ3
SNAPC4,Q5SXM2
SNAPC5,O75971
SNN,O75324
SNRPD1,P62314
SOCS3,O14543
SOD1,P00441
SOD2,P04179
SORD,NOT_FOUND
SPHK1,Q9NYA1
SPSB1,Q96BD6
SPTAN1,Q13813
SQLE,Q14534
SQSTM1,Q13501
SRD5A1,P18405
SRSF1,Q07955
SRSF10,O75494
SRSF2,Q01130
SRSF6,Q13247
SS18,Q15532
SSR1,P43307
SSRP1,Q08945
STAG1,Q8WVM7
STARD4,Q96DR4
STAT5A,P42229
STC1,P52823
STIL,Q15468
STIP1,P31948
STMN1,P16949
STX3,Q13277
SUPT4H1,P63272
SUPT5H,O00267
SURF1,Q15526
SUV39H1,O43463
SYNCRIP,O60506
SYTL2,Q9HCH5
TACC3,Q9Y6A5
TAF10,Q12962
TAF12,Q16514
TAF13,Q15543
TAF1C,Q15572
TAF6,P49848
TAF9,Q16594
TANK,Q92844
TAP1,Q03518
TARBP2,Q15633
TBK1,Q9UHD2
TCEA1,P23193
TCF7,P36402
TENT4A,Q5XG87
TES,Q9UGI8
TFDP1,Q14186
TFRC,P02786
TGFB1,P01137
TGFB2,P61812
TGFBR3,Q03167
TGIF1,Q15583
TIMP1,P01033
TIMP2,P16035
TIMP3,P35625
TIPARP,Q7Z3E1
TK2,O00142
TLE3,Q04726
TLR2,O60603
TM7SF2,O76062
TMED2,Q15363
TMEM97,Q5BJF2
TMPO,P42166
TNC,P24821
TNF,P01375
TNFAIP2,Q03169
TNFAIP3,P21580
TNFAIP6,P98066
TNFAIP8,O95379
TNFRSF12A,Q9NP84
TNFRSF9,Q07011
TNFSF10,P50591
TNFSF9,P41273
TNIP1,Q15025
TNIP2,Q8NFZ5
TNPO2,O14787
TOMM40,O96008
TOP1,P11387
TOP2A,P11388
TP53,P04637
TPI1,P60174
TPX2,Q9ULW0
TRA2B,P62995
TRAF1,Q13077
TRAIP,Q9BWF2
TRIB1,Q96RU8
TRIB3,Q96RU7
TRIP10,Q15642
TROAP,Q12815
TSC22D1,Q15714
TSG101,Q99816
TSPO,P30536
TTK,P33981
TUBA4A,P68366
TUBB2A,Q13885
TUBG1,P23258
TXNIP,Q9H3M7
TXNRD1,Q16881
TYMS,P04818
UBE2C,O00762
UBE2D3,P61077
UBE2S,Q16763
UCHL5,Q9Y5K5
UCK2,NOT_FOUND
UFM1,P61960
UMPS,P11172
UNG,P13051
UPF1,Q92900
UPF3B,Q9BZI7
USO1,O60763
USP11,P51784
VDAC2,P45880
VEGFA,P15692
VLDLR,P98155
VPS28,Q9UK41
VPS37B,Q9H9H4
VPS37D,Q86XT2
WARS1,P23381
WEE1,P30291
WNT1,P04628
WNT5B,Q9H1J7
WNT6,Q9Y6F9
WRN,Q14191
XBP1,P17861
XIAP,P98170
XPC,Q01831
XPO1,O14980
YKT6,O15498
YRDC,Q86U90
YTHDC1,Q96MU7
ZBTB10,Q96DT7
ZC3H12A,Q5D1E8
ZFP36,P26651
ZNF707,Q96C28
ZWINT,O95229
