gene_name,accession,has_dsgxxs_motif,dsgxxs_count,max_disorder_score,mean_plddt
AAAS,Q9NRG9,0,0,0.7547,75.2518315018315
ABCA1,O95477,0,0,0.8828,73.23744803184425
ABCF2,Q9UG63,0,0,0.8942,83.31825040128419
ABL1,P00519,0,0,0.9756,63.36613274336276
ACACA,Q13085,0,0,0.8462,82.78440323955664
ACKR3,P25106,0,0,0.3053,82.4575690607735
ACLY,P53396,0,0,0.8198,92.25782016348779
ACSL3,O95573,0,0,0.6906,88.80143055555557
ACTR2,P61160,0,0,0.5342,93.88563451776639
ACTR3,P61158,0,0,0.5493,91.32540669856454
ADA,P00813,0,0,0.6806,96.58181818181815
ADAM17,P78536,0,0,0.8894,72.67294902912624
ADCY6,O43306,0,0,0.8596,76.2322003424657
ADD1,P35611,1,1,0.9916,64.84910447761192
ADD3,Q9UEY8,0,0,0.9777,66.45158640226626
ADIPOR2,Q86V24,0,0,0.8853,82.50168393782383
ADRM1,Q16186,0,0,0.9756,62.286977886977894
AGO4,Q9HCK5,0,0,0.8313,91.17298490127762
AIFM3,Q96NN9,0,0,0.7629,88.35188429752061
AK1,P00568,0,0,0.6712,95.8687113402062
AK3,Q9UIJ7,0,0,0.7755,91.37348017621137
AK4,P27144,0,0,0.6427,91.36762331838568
ALDOA,P04075,0,0,0.6427,96.42895604395602
ALYREF,Q86V81,0,0,0.9057,64.10241245136186
AMD1,P17707,0,0,0.6991,93.37571856287427
ANKH,Q9HCJ1,0,0,0.8872,84.45776422764226
ANXA1,P04083,0,0,0.7036,95.4803468208092
APP,P05067,0,0,0.9816,67.38990909090913
APRT,P07741,0,0,0.3566,96.91222222222223
AREG,P15514,0,0,0.9168,67.6509126984127
ARID4A,P29374,0,0,0.9534,56.30256961018311
ARL6IP1,Q15041,0,0,0.5533,84.75866995073899
ARPC5L,Q9BPX5,0,0,0.8565,89.02614379084966
ASNS,P08243,0,0,0.4801,94.23529411764716
ATF3,P18847,0,0,0.8235,75.88784530386735
ATF5,Q9Y2D1,0,0,0.9901,67.5500709219858
ATP2A2,P16615,0,0,0.6322,85.45770633397304
ATP2B1,P20020,0,0,0.9777,74.56057377049181
ATP5MC1,P05496,0,0,0.3182,74.0096323529412
ATP6V1D,Q9Y5K8,0,0,0.5419,86.27214574898778
ATRX,P46100,0,0,0.9792,51.812596308186144
AURKA,O14965,0,0,0.9433,75.03245657568242
AURKB,Q96GD4,0,0,0.7843,78.81613372093024
AVPR1A,P37288,0,0,0.7982,73.3590909090909
AXIN1,O15169,0,0,0.9717,61.09800464037124
AXIN2,Q9Y2T1,1,1,0.9488,60.49996441281139
B4GALT1,P15291,0,0,0.9287,83.73188442211054
B4GALT5,O43286,0,0,0.6183,87.66976804123718
BARD1,Q99728,0,0,0.923,64.16083655083656
BAX,Q07812,0,0,0.9664,85.95302083333335
BCAM,P50895,0,0,0.9329,83.52800955414014
BCAP31,P51572,0,0,0.8235,84.38939024390238
BCAT1,P54687,0,0,0.4685,94.44950777202077
BCL10,O95999,0,0,0.9396,69.48695278969953
BCL2A1,Q16548,0,0,0.3529,87.2946285714286
BCL2L1,Q07817,0,0,0.9287,72.4807296137339
BCL2L10,Q9HD36,0,0,0.7916,85.1201960784314
BCL2L11,O43521,0,0,0.9801,60.0571212121212
BCL2L2,Q92843,0,0,0.7755,81.1893264248705
BCL3,P20749,0,0,0.9777,71.33751101321592
BCL6,P41182,0,0,0.9039,52.073597733711075
BGN,P21810,0,0,0.6531,85.59347826086955
BHLHE40,O14503,0,0,0.9433,59.9235194174757
BID,P55957,0,0,0.712,62.973076923076896
BIK,Q13323,0,0,0.7755,62.50012499999998
BIRC2,Q13490,0,0,0.8765,76.5966504854368
BIRC3,Q13489,0,0,0.8792,74.7803311258279
BIRC5,O15392,0,0,0.6948,94.79936619718312
BMF,Q96LC9,0,0,0.9473,61.4422282608696
BMP2,P12643,0,0,0.8421,79.58765151515148
BNIP3L,O60238,0,0,0.9621,60.423789954337906
BOLA2,Q9H3K6,0,0,0.6043,92.71534883720929
BRCA1,P38398,0,0,0.9433,41.594616210413314
BRF2,Q9HAW0,0,0,0.9287,84.2414558472553
BTG1,P62324,0,0,0.6851,81.38017543859652
BTG2,P78543,0,0,0.662,85.25265822784806
BTG3,Q14201,0,0,0.8125,71.07813492063488
BUB1,O43683,0,0,0.8741,62.61901382488485
BUB3,O43684,0,0,0.7209,95.95981707317073
CACYBP,Q9HB71,0,0,0.7547,81.59706140350875
CALR,P27797,0,0,0.9849,89.1153956834533
CANT1,Q8WVQ1,0,0,0.7289,89.43204488778055
CANX,P27824,0,0,0.9457,76.84062499999993
CASP1,P29466,0,0,0.853,81.68131188118818
CASP2,P42575,0,0,0.8279,78.38681415929206
CASP3,P42574,0,0,0.7951,85.83194945848378
CASP4,P49662,0,0,0.9308,78.34503978779837
CASP6,P55212,0,0,0.7459,84.88911262798639
CASP7,P55210,0,0,0.7289,81.7078547854785
CASP8,Q14790,0,0,0.7369,81.86993736951975
CASP8AP2,Q9UKL3,0,0,0.9151,43.753385469222955
CASP9,P55211,0,0,0.9168,80.32372596153847
CAV1,Q03135,0,0,0.4652,78.36162921348313
CBX1,P83916,0,0,0.9126,76.12886486486485
CCL2,P13500,0,0,0.7415,86.95747474747476
CCL20,P78556,0,0,0.087,88.70093750000005
CCL4,P13236,0,0,0.2503,87.67999999999995
CCL5,P13501,0,0,0.2849,88.46065934065935
CCN1,O00622,0,0,0.5951,73.12808398950133
CCNA1,P78396,0,0,0.6661,67.59761290322581
CCNA2,P20248,0,0,0.9308,73.06780092592595
CCNB2,O95067,0,0,0.8279,79.35582914572863
CCND1,P24385,0,0,0.9081,87.31769491525425
CCND2,P30279,0,0,0.853,87.93318339100344
CCNF,P41002,0,0,0.9039,71.55323155216281
CCNG1,P51959,0,0,0.3807,85.83318644067798
CCNL1,Q9UK58,0,0,0.9932,68.4089733840304
CCNO,P22674,0,0,0.9329,78.40768571428569
CCNT1,O60563,0,0,0.9896,59.42829201101936
CCRL2,O00421,0,0,0.7843,77.79537790697674
CCT6A,P40227,0,0,0.5017,89.87860640301311
CD14,P08571,0,0,0.7916,84.7269333333333
CD2,P06729,0,0,0.9917,77.72037037037032
CD38,P28907,0,0,0.5176,90.88869999999996
CD44,P16070,0,0,0.9703,53.246738544474375
CD69,Q07108,0,0,0.7547,82.14010050251252
CD80,P33681,0,0,0.7982,86.14322916666669
CD83,Q01151,0,0,0.7163,72.56595121951219
CD9,P21926,0,0,0.3807,88.55657894736838
CDA,P32320,0,0,0.6269,94.08095890410969
CDC20,Q12834,0,0,0.9519,84.1159118236474
CDC25A,P30304,0,0,0.9503,62.99360687022901
CDC25B,P30305,0,0,0.9703,63.557155172413786
CDC27,P30260,0,0,0.8966,69.0029126213592
CDC45,O75419,0,0,0.9547,92.53832155477035
CDC6,Q99741,0,0,0.9503,69.68119642857141
CDC7,O00311,0,0,0.7209,71.96391986062713
CDK1,P06493,0,0,0.4119,89.34282828282828
CDK2,P24941,0,0,0.4087,88.46268456375836
CDK4,P11802,0,0,0.7629,86.80643564356437
CDKN1A,P38936,0,0,0.9503,69.00341463414634
CDKN1B,P46527,0,0,0.9577,69.23424242424242
CDKN2C,P42773,0,0,0.6089,91.84642857142858
CDKN3,Q16667,0,0,0.7459,91.18259433962267
CEBPB,P17676,0,0,0.9593,59.68750724637682
CEBPD,P49716,0,0,0.9916,65.13475836431226
CENPA,P49450,0,0,0.9711,81.48907142857144
CENPE,Q02224,0,0,0.8493,54.42429069767456
CETN2,P41208,0,0,0.8792,85.43383720930235
CFLAR,O15519,0,0,0.6427,78.32641666666674
CFP,P27918,0,0,0.6906,83.30492537313438
CHAF1A,Q13111,0,0,0.9762,57.74832635983264
CHEK1,O14757,0,0,0.7415,76.14394957983191
CHMP1A,Q9HD42,0,0,0.7629,77.90693877551026
CKS1B,P61024,0,0,0.5665,92.06784810126582
CKS2,P33552,0,0,0.5807,92.52329113924051
CLCF1,Q9UBD9,0,0,0.7843,81.58817777777782
CLP1,Q92989,0,0,0.8828,93.80663529411761
CLU,P10909,0,0,0.6906,77.30997772828508
CMPK2,Q5EBM0,0,0,0.7369,86.60278396436526
COPS5,Q92905,0,0,0.6269,86.31613772455087
CORO1A,P31146,0,0,0.8462,93.06132321041223
COX17,Q14061,0,0,0.8279,72.21333333333332
CREBBP,Q92793,1,1,0.9924,52.51679361179363
CSF1,P09603,0,0,0.9792,57.41658844765351
CSF2,P04141,0,0,0.6375,87.7186111111111
CSNK1E,P49674,0,0,0.8942,79.20437499999997
CSTF3,Q12996,0,0,0.8655,86.0035146443515
CTCF,P49711,0,0,0.9915,58.8080055020632
CTH,P32929,0,0,0.8343,95.78288888888895
CTNNB1,P35222,1,1,0.9287,81.05594110115233
CTSC,P53634,0,0,0.6906,90.13416846652261
CUL1,Q13616,0,0,0.8853,88.772087628866
CUL3,Q13618,0,0,0.8655,90.16718749999994
CUL4A,Q13619,0,0,0.6661,88.57163372859017
CUL5,Q93034,0,0,0.5139,89.3100897435897
CXCL1,P09341,0,0,0.6043,80.80766355140186
CXCL10,P02778,0,0,0.6906,89.5331632653061
CXCL11,O14625,0,0,0.3182,79.95659574468087
CXCL2,P19875,0,0,0.5665,81.63065420560746
CXCL3,P19876,0,0,0.5533,81.86710280373836
CXCL6,P80162,0,0,0.5577,81.01298245614032
CXCR4,P61073,0,0,0.433,82.26323863636364
CYB5B,O43169,0,0,0.7799,80.7863333333334
CYLD,Q9NQC7,0,0,0.9106,74.42797071129709
CYP51A1,Q16850,0,0,0.5176,90.44414538310416
DAD1,P61803,0,0,0.1501,95.30265486725662
DAP,P51397,0,0,0.986,69.18166666666664
DAP3,P51398,0,0,0.8623,85.02889447236188
DAPP1,Q9UN19,0,0,0.6089,85.0786785714285
DBF4,Q9UBU7,0,0,0.8343,54.590103857566746
DCN,P07585,0,0,0.5901,88.63161559888576
DCTN4,Q9UJW0,0,0,0.7415,84.3311086956522
DDB1,Q16531,0,0,0.5707,92.00776315789474
DDB2,Q92466,0,0,0.923,83.59262295081967
DDIT3,P35638,0,0,0.9751,70.25491124260351
DDIT4,Q9NX09,0,0,0.9433,71.29038793103452
DDX39A,O00148,0,0,0.9503,85.26955503512887
DENND5A,Q6IQ26,0,0,0.8942,77.13119658119655
DFFA,O00273,0,0,0.9577,71.59078549848947
DGCR8,Q8WYQ5,0,0,0.9664,63.19166882276848
DGUOK,Q16854,0,0,0.6043,86.07790613718416
DHCR24,Q15392,0,0,0.3774,92.45184108527147
DHCR7,Q9UBM7,0,0,0.4619,91.23008421052633
DHFR,P00374,0,0,0.5017,96.1279144385027
DIABLO,Q9NR28,0,0,0.8713,82.6071966527197
DKC1,O60832,0,0,0.8991,79.41552529182889
DKK1,O94907,0,0,0.5254,69.95424812030072
DKK4,Q9UBT3,0,0,0.8421,73.70825892857145
DLL1,O00548,0,0,0.8765,74.99669432918404
DMD,P11532,0,0,0.9797,76.34927619047617
DNAJA1,P31689,0,0,0.8462,83.25581863979848
DNAJB4,Q9UDY4,0,0,0.7672,82.7218100890208
DNAJC3,Q13217,0,0,0.8462,86.52646825396822
DNM1L,O00429,0,0,0.8235,76.4635733695653
DPYD,Q12882,0,0,0.6576,96.1354536585366
DR1,Q01658,0,0,0.9415,87.26534090909097
DRAM1,Q8N682,0,0,0.2399,94.84554621848741
DTYMK,P23919,0,0,0.3872,95.61216981132077
DUSP1,P28562,0,0,0.4901,79.16923705722068
DUSP2,Q05923,0,0,0.805,90.37729299363055
DUSP4,Q13115,0,0,0.7755,77.1231725888325
DUSP5,Q16690,0,0,0.6948,77.62226562499997
DUT,P33316,0,0,0.8828,74.30059523809523
DVL2,O14641,0,0,0.9844,58.6693614130435
E2F1,Q01094,0,0,0.9433,62.02848970251716
E2F2,Q14209,0,0,0.9693,63.13347826086954
E2F3,O00716,0,0,0.9308,59.46412903225808
E2F4,Q16254,1,1,0.9621,64.19549636803869
EBP,Q15125,0,0,0.5807,95.57065217391299
EDEM1,Q92611,0,0,0.9519,83.86888888888892
EDF1,O60869,0,0,0.8493,83.58885135135134
EDN1,P05305,0,0,0.7547,65.21320754716983
EEF1E1,O43324,0,0,0.5296,92.37045977011496
EFNA1,P20827,0,0,0.8655,79.07717073170738
EFNA5,P52803,0,0,0.805,78.48706140350883
EGF,P01133,0,0,0.8623,70.31652858326429
EGLN3,Q9H6Z9,0,0,0.5854,91.01640167364016
EGR1,P18146,0,0,0.9396,49.63965009208105
EGR2,P11161,0,0,0.8828,47.8353781512605
EGR3,Q06889,0,0,0.8623,49.96868217054266
EHD1,Q9H4M9,0,0,0.8462,89.65975655430712
EIF1,P41567,0,0,0.4766,80.52353982300892
EIF1B,O60739,0,0,0.4685,79.77424778761066
EIF2S2,P20042,0,0,0.9593,64.93591591591593
ELL,P55199,0,0,0.9756,67.63882447665053
ELOA,Q14241,0,0,0.9725,57.018730569948154
ELOVL5,Q9NYP7,0,0,0.6136,81.93769230769233
ELOVL6,Q9H5J4,0,0,0.3117,92.27120754716977
EMP1,P54849,0,0,0.0341,90.66312101910826
ENO1,P06733,0,0,0.5382,97.61324884792624
ENO2,P09104,0,0,0.4901,97.078594470046
EPRS1,P07814,0,0,0.9415,82.93642195767193
ERBB2,P04626,0,0,0.9744,73.98320318725104
ERBB3,P21860,0,0,0.9362,72.45775707898655
ERCC1,P07992,0,0,0.9751,76.25289562289564
ERCC2,P18074,0,0,0.494,87.57631578947361
ERCC3,P19447,0,0,0.9547,75.9237979539642
ERCC4,Q92889,0,0,0.8596,74.37006550218337
ERCC5,P28715,0,0,0.9733,57.086349072512604
ERCC8,Q13216,0,0,0.6755,91.61444444444449
EREG,O14944,0,0,0.662,68.65869822485203
ERO1A,Q96HE7,0,0,0.6427,75.65164529914523
ESPL1,Q14674,0,0,0.9151,75.31681603773602
ETF1,P62495,0,0,0.8343,85.06439359267733
ETS2,P15036,0,0,0.8828,62.83577825159913
EWSR1,Q01844,0,0,0.9849,50.4097713414634
EXO1,Q9UQ84,0,0,0.8741,63.452931442080335
EZH2,Q15910,0,0,0.977,76.22469168900811
F2,P00734,0,0,0.7547,83.92017684887466
F2R,P25116,0,0,0.6531,74.58981176470584
F2RL1,P55085,0,0,0.4901,82.0770277078086
F3,P13726,0,0,0.6755,84.82372881355934
FADS1,O60427,0,0,0.7799,94.39817567567579
FADS2,O95864,0,0,0.8623,94.97590090090091
FANCC,Q00597,0,0,0.5456,82.0870788530466
FAS,P25445,0,0,0.7331,77.88155223880594
FASLG,P48023,0,0,0.987,80.20174377224201
FBXO5,Q9UKT4,1,1,0.712,59.389351230425035
FDXR,P22570,0,0,0.7843,92.09975560081463
FEN1,P39748,0,0,0.853,89.62894736842101
FEZ1,Q99689,0,0,0.9744,67.4287244897959
FGL2,Q14314,0,0,0.7547,78.71205011389517
FJX1,Q86VR8,0,0,0.9269,79.00810068649896
FKBP2,P26885,0,0,0.5807,89.50415492957738
FOS,P01100,0,0,0.8013,57.2040789473684
FOSB,P53539,0,0,0.9606,59.13236686390533
FOSL1,P15407,0,0,0.9621,65.84055350553508
FOSL2,P15408,0,0,0.9381,61.66751533742332
FOXN3,O00409,1,1,0.9634,57.62261224489799
FRAT1,Q92837,0,0,0.9873,59.81648745519713
FUT4,P22083,0,0,0.8565,73.08343396226421
FZD1,Q9UP38,0,0,0.9879,78.20659969088099
FZD8,Q9H461,0,0,0.9733,74.50146974063396
G0S2,P27469,0,0,0.6227,76.80864077669902
G3BP1,Q13283,0,0,0.9875,66.79933476394848
G6PD,P11413,0,0,0.6991,94.40211650485436
GADD45A,P24522,0,0,0.6183,81.23096969696975
GADD45B,O75293,0,0,0.5533,89.45325000000004
GAPDH,P04406,0,0,0.5707,98.11611940298508
GBE1,Q04446,0,0,0.6269,96.07451566951569
GCH1,P30793,0,0,0.9873,86.50144000000004
GCLC,P48506,0,0,0.8125,93.16009419152276
GEM,P55040,0,0,0.8279,72.62503378378378
GFPT2,O94808,0,0,0.7459,92.51026392961883
GGA2,Q9UJY4,0,0,0.8623,71.26440456769987
GINS2,Q9Y248,0,0,0.712,93.13654054054047
GLA,P06280,0,0,0.5382,94.31454545454541
GLRX,P35754,0,0,0.3807,97.05990566037738
GMPR2,Q9P2T1,0,0,0.4831,96.79988505747131
GMPS,P49915,0,0,0.853,86.75505050505052
GNA15,P30679,0,0,0.4864,90.58925133689831
GNAI1,P63096,0,0,0.5139,93.72511299435035
GOT1,P17174,0,0,0.6089,96.35297820823244
GPI,P06744,0,0,0.7916,97.93080645161294
GPR183,P32249,0,0,0.6269,86.53595567867036
GSDME,O60443,0,0,0.5992,77.45814516129035
GSK3B,P49841,0,0,0.9057,88.22559523809522
GSN,P06396,0,0,0.7982,89.13076726342709
GSPT1,P15170,0,0,0.9519,81.83651302605223
GSR,P00390,0,0,0.7209,91.62304597701149
GSTM1,P09488,0,0,0.4901,98.26614678899081
GTF2A2,P52657,0,0,0.8894,93.05834862385322
GTF2B,Q00403,0,0,0.7799,87.24411392405061
GTF2F1,P35269,0,0,0.9787,62.27912959381045
GTF2H1,P32780,0,0,0.9249,73.8956386861314
GTF2H3,Q13889,0,0,0.6906,80.50909090909094
GTF2H5,Q6ZYL4,0,0,0.247,68.94408450704225
GTF3C5,Q9Y5Q8,0,0,0.9703,77.42520231213868
GUCY2D,Q02846,0,0,0.7951,82.00593834995472
GUK1,Q16774,0,0,0.7369,93.9562436548223
H1-0,P07305,0,0,0.9433,68.72649484536086
H2AX,P16104,0,0,0.805,86.3197202797203
H2AZ1,P0C0S5,0,0,0.7331,90.38101562500003
H2AZ2,Q71UI9,0,0,0.6851,89.7540625
H2BC12,O60814,0,0,0.8655,87.79912698412706
HBEGF,Q99075,0,0,0.8013,66.46639423076918
HCLS1,P14317,0,0,0.9916,63.59755144032923
HDAC11,Q96DB2,0,0,0.712,92.37691642651305
HDAC2,Q92769,0,0,0.9126,85.57508196721314
HDAC5,Q9UQL6,0,0,0.9906,63.60100713012475
HES1,Q14469,0,0,0.977,68.61753571428568
HEY1,Q9Y5J3,0,0,0.9606,66.37763157894737
HEY2,Q9UBP5,0,0,0.8493,64.25697329376855
HGF,P14210,0,0,0.5456,83.51605769230765
HIF1A,Q16665,0,0,0.9873,60.75170702179174
HIRA,P54198,0,0,0.8125,74.38157325467057
HK2,P52789,0,0,0.6089,91.98376226826613
HMBS,P08397,0,0,0.853,90.06955678670359
HMGA1,P17096,0,0,0.9762,65.02850467289718
HMGB2,P26583,0,0,0.977,77.57559808612443
HMGB3,O15347,0,0,0.9649,80.03650000000005
HMGCR,P04035,0,0,0.6661,75.328018018018
HMGCS1,Q01581,0,0,0.8375,91.33288461538463
HMGN2,P05204,0,0,0.9885,66.99888888888889
HMMR,O75330,0,0,0.8198,74.87737569060779
HMOX1,P09601,0,0,0.9249,82.90093750000007
HNRNPD,Q14103,0,0,0.9329,62.48067605633802
HNRNPU,Q00839,0,0,0.9933,64.69726060606064
HOXC10,Q9NYD6,0,0,0.9346,59.501432748538015
HPRT1,P00492,0,0,0.4582,92.55834862385328
HSP90B1,P14625,0,0,0.9906,82.22088418430883
HSPA4,P34932,0,0,0.9717,86.10083333333344
HSPA5,P11021,0,0,0.9433,89.9878746177369
HSPA8,P11142,0,0,0.8966,88.303173374613
HSPA9,P38646,0,0,0.9168,85.95575846833586
HSPB1,P04792,0,0,0.8565,68.85034146341464
HSPD1,P10809,0,0,0.6851,88.13052356020948
HSPE1,P61604,0,0,0.4831,87.6276470588235
HUS1,O60921,0,0,0.7459,89.9008928571429
ICAM1,P05362,0,0,0.9249,88.41533834586477
ICOSLG,O75144,0,0,0.6661,82.57771523178808
ID2,Q02363,0,0,0.8313,68.58589552238804
IDH1,O75874,0,0,0.5901,95.8507729468599
IDI1,Q13907,0,0,0.6806,97.11378854625553
IER2,Q9BTL4,0,0,0.9621,63.415112107623315
IER3,P46695,0,0,0.8894,65.27128205128204
IER5,Q5VY09,0,0,0.9822,53.548195718654405
IFI30,P13284,0,0,0.562,83.23419999999999
IFIH1,Q9BYX4,0,0,0.9106,79.46786341463417
IFIT2,P09913,0,0,0.7331,88.63701271186451
IFITM3,Q01628,0,0,0.5665,59.061804511278204
IFNB1,P01574,0,0,0.268,89.37935828877002
IFNGR1,P15260,1,1,0.8493,66.0078936605317
IFNGR2,P38484,0,0,0.5296,83.76175074183973
IFRD1,O00458,0,0,0.9433,83.6029711751663
IGF2R,P11717,0,0,0.8765,73.1493978321959
IGFBP5,P24593,0,0,0.853,76.06540441176469
IGFBP6,P24592,0,0,0.9503,70.311125
IL12B,P29460,0,0,0.5577,91.11481707317067
IL15RA,Q13261,0,0,0.8966,64.45146067415725
IL18,Q14116,0,0,0.5707,89.00891191709844
IL1A,P01583,0,0,0.5055,73.91738007380073
IL1B,P01584,0,0,0.6043,76.23014869888473
IL23A,Q9NPF7,0,0,0.7629,80.58936507936504
IL6,P05231,0,0,0.8013,85.28570754716985
IL6ST,P40189,0,0,0.8765,74.61483660130719
IL7R,P16871,0,0,0.725,67.46398692810452
ILF3,Q12906,0,0,0.9593,66.81530201342274
IMMT,Q16891,0,0,0.9346,73.80891820580467
IMPDH2,P12268,0,0,0.5055,92.1201750972762
INCENP,Q9NQS7,0,0,0.9777,59.299063180827886
INHBA,P08476,0,0,0.8681,76.01307511737085
INSIG1,O15503,0,0,0.8162,68.24375451263532
IRF1,P10914,0,0,0.9503,65.7205230769231
IRS2,Q9Y4H2,0,0,0.9912,47.06462630792225
ISG20,Q96AZ6,0,0,0.5382,95.31812154696134
ITGB2,P05107,0,0,0.8313,85.83201560468139
ITPA,Q9BY32,0,0,0.4901,95.05237113402058
JAG1,P78504,0,0,0.9519,73.14277504105083
JAG2,Q9Y219,0,0,0.8853,72.62161550888534
JPT1,Q9UK76,0,0,0.9577,63.1564935064935
JUN,P05412,0,0,0.9783,61.24154078549849
JUNB,P17275,0,0,0.9287,59.53072046109512
KAT2A,Q92830,0,0,0.9849,77.70271206690563
KATNA1,O75449,0,0,0.923,75.0257841140529
KDM6B,O15054,0,0,0.9873,57.24683505782102
KIF11,P52732,0,0,0.7843,74.36906250000004
KIF15,Q9NS87,0,0,0.9329,72.1362968299712
KIF20B,Q96Q89,0,0,0.8421,62.81407692307688
KIF22,Q14807,0,0,0.9362,73.95953383458647
KIF2C,Q99661,0,0,0.8313,74.1999310344828
KIF4A,O95239,0,0,0.8894,71.4750974025974
KIF5B,P33176,0,0,0.9287,78.58412253374868
KLF10,Q13118,0,0,0.805,49.853229166666644
KLF2,Q9Y5W3,0,0,0.9887,56.841070422535196
KLF4,O43474,0,0,0.9287,48.94214424951263
KLF6,Q99612,0,0,0.8991,57.95328621908124
KLF9,Q13886,0,0,0.9433,62.5138524590164
KMT5A,Q9NQR1,0,0,0.9308,64.5042748091603
KNL1,Q8NG31,1,1,0.9126,39.819308283518346
KPNA2,P52292,0,0,0.9308,86.51568998109637
KPNB1,Q14974,0,0,0.6712,94.83531963470323
KRT18,P05783,0,0,0.7163,78.64797674418607
KYNU,Q16719,0,0,0.5807,95.42713978494625
LAMB3,Q13751,0,0,0.7369,78.26965017064855
LBR,Q14739,0,0,0.9362,76.63333333333333
LDHA,P00338,0,0,0.4979,96.19445783132537
LDLR,P01130,0,0,0.8125,75.42062790697685
LEF1,Q9UJU2,0,0,0.9693,57.032005012531265
LGALS3,P17931,0,0,0.8765,73.83399999999999
LGMN,Q99538,0,0,0.6322,94.08346420323329
LIF,P15018,0,0,0.4292,87.09683168316835
LIG1,P18858,0,0,0.9777,76.77194776931442
LIG3,P49916,0,0,0.8894,75.34850346878102
LITAF,Q99732,0,0,0.7547,69.57795031055906
LMNA,P02545,0,0,0.9362,76.37072289156629
LMNB1,P20700,0,0,0.9329,82.4092150170648
LTA4H,P09960,0,0,0.6183,96.26656301145653
LUM,P51884,0,0,0.4087,90.36855029585797
M6PR,P20645,0,0,0.6531,84.79162454873651
MAD2L1,Q13257,0,0,0.6269,93.78882926829273
MADD,Q8WXG6,1,1,0.9911,63.4458287795994
MAFF,Q9ULX9,0,0,0.9346,81.96634146341468
MAML1,Q92585,0,0,0.9733,46.55874015748031
MAP2K3,P46734,0,0,0.9211,80.48697406340064
MAP3K20,Q9NYL2,1,1,0.9677,68.60394999999991
MAP3K8,P41279,0,0,0.725,73.95229122055682
MAPK14,Q16539,0,0,0.9433,89.77316666666664
MARCKS,P29966,0,0,0.9879,49.56831325301206
MCL1,Q07820,0,0,0.9756,63.62662857142855
MCM2,P49736,0,0,0.9519,76.27970132743349
MCM3,P25205,0,0,0.9381,74.14403465346528
MCM4,P33991,0,0,0.9787,73.5630011587485
MCM5,P33992,0,0,0.6991,78.08949591280656
MCM6,Q14566,0,0,0.7415,76.43168087697927
ME1,P48163,0,0,0.8853,95.40487762237773
MEIS1,O00470,0,0,0.9473,65.33453846153846
MEIS2,O14770,0,0,0.9547,61.96408805031439
MGMT,P16455,0,0,0.8421,85.13169082125607
MLLT11,Q13015,0,0,0.6712,62.992333333333335
MMP2,P08253,0,0,0.6375,89.72936363636357
MNAT1,P51948,0,0,0.7547,85.34381877022655
MPC2,O95563,0,0,0.2951,89.41464566929129
MPG,P29372,0,0,0.9457,81.67026845637578
MRPL40,Q9NQ50,0,0,0.805,78.74684466019417
MSC,O60682,0,0,0.9346,64.41616504854373
MT2A,P02795,0,0,0.0004,80.30950819672131
MTF2,Q9Y483,0,0,0.8343,70.65411467116361
MTHFD2,P13995,0,0,0.6851,89.62142857142861
MTHFD2L,Q9H903,0,0,0.725,89.03187319884734
MXD1,Q05195,0,0,0.9346,72.59180995475111
MYBL2,P10244,0,0,0.9547,56.90245714285712
MYC,P01106,0,0,0.977,60.408480176211434
NAMPT,P43490,0,0,0.6806,94.21977596741345
NASP,P49321,0,0,0.9777,57.266865482233456
NCBP2,P52298,0,0,0.5807,93.43615384615386
NCL,P19338,0,0,0.9938,62.03463380281686
NCOR2,Q9Y618,0,0,0.9933,40.204053301511564
NCSTN,Q92542,0,0,0.6661,89.37379407616365
NDC80,O14777,0,0,0.7209,78.06644859813088
NEDD9,Q14511,0,0,0.9362,61.695000000000014
NEFH,P12036,0,0,0.9762,53.468941176470665
NEK2,P51955,0,0,0.7629,78.04701123595505
NELFB,Q8WX92,0,0,0.892,89.21443103448287
NELFCD,Q8IXH7,0,0,0.9677,86.14913559322022
NELFE,P18615,0,0,0.9693,63.95994736842105
NFAT5,O94916,0,0,0.9756,44.60194644023514
NFE2L2,Q16236,0,0,0.9013,60.53502479338847
NFIL3,Q16649,0,0,0.9057,57.238809523809536
NFKB1,P19838,0,0,0.853,73.17747933884301
NFKB2,Q00653,0,0,0.9792,74.90633333333335
NFKBIA,P25963,1,1,0.8493,83.48637223974767
NFKBIB,Q15653,1,1,0.9744,76.35955056179773
NFKBIE,O00221,1,1,0.977,61.64170000000002
NFX1,Q12986,0,0,0.9703,65.27542857142855
NFYC,Q13952,0,0,0.9649,49.4694104803494
NHERF1,O14745,0,0,0.9606,72.78310055865924
NIBAN1,Q9BZQ8,0,0,0.9901,68.54175646551738
NINJ1,Q92982,0,0,0.7505,63.56730263157893
NKD1,Q969G9,0,0,0.9875,54.38768085106381
NME1,P15531,0,0,0.5419,97.41861842105266
NME3,Q13232,0,0,0.4725,92.29479289940834
NME4,O00746,0,0,0.7369,85.01299465240636
NMT1,P30419,0,0,0.9621,83.27915322580647
NOLC1,Q14978,0,0,0.9733,53.59185979971391
NOTCH1,P46531,0,0,0.9756,59.59925636007827
NOTCH2,Q04721,0,0,0.9822,59.40140024281668
NOTCH4,Q99466,0,0,0.9457,61.77971043434842
NPR2,P20594,0,0,0.7547,83.57818529130843
NR4A1,P22736,0,0,0.8991,66.07963210702341
NR4A2,P43354,0,0,0.9415,65.98242474916388
NR4A3,Q92570,0,0,0.9733,64.22247603833875
NSD2,O96028,0,0,0.9211,65.61077655677649
NT5C,Q8TCD5,0,0,0.5176,96.09422885572148
NT5C3A,Q9H0P0,0,0,0.4409,91.82139880952384
NUDT21,O43809,0,0,0.6991,90.40409691629952
NUDT9,Q9BW91,0,0,0.8375,84.60708571428576
NUFIP1,Q9UHK0,0,0,0.9457,55.2428484848485
NUMA1,Q14980,0,0,0.9717,64.65595271867608
NUMB,P49757,0,0,0.9415,59.47603686635941
NUP205,Q92621,0,0,0.7369,78.16299701789268
NUP50,Q9UKX7,0,0,0.9013,64.42923076923076
NUP98,P52948,0,0,0.9308,55.725707209686206
NUPR1,O60356,0,0,0.9836,70.93719512195123
NUSAP1,Q9BXS6,0,0,0.9593,61.64766439909297
ODC1,P11926,0,0,0.6755,88.01813449023871
ODF2,Q5BJF6,0,0,0.8966,78.03806996381182
OLR1,P78380,0,0,0.6427,87.44860805860807
ORC5,O43913,0,0,0.5493,82.18448275862062
ORC6,Q9Y5N6,0,0,0.8565,81.82920634920637
P4HA1,P13674,0,0,0.8125,89.9566104868914
PAFAH1B1,P43034,0,0,0.7369,90.25004878048782
PAK1,Q13153,0,0,0.9621,73.67003669724772
PANX1,Q96RD7,0,0,0.7369,74.3255164319249
PBK,Q96KB5,0,0,0.7459,84.3971428571429
PCNA,P12004,0,0,0.6227,94.3283141762452
PDAP1,Q13442,0,0,0.9269,76.38375690607734
PDCD4,Q53EL6,0,0,0.8279,76.56053304904046
PDE4B,Q07343,0,0,0.8966,70.38601902173922
PDE6G,P18545,0,0,0.8741,67.30574712643681
PDGFRB,P09619,0,0,0.9885,72.44908679927681
PDK1,Q15118,0,0,0.6661,85.93596330275233
PDLIM5,Q96HC4,0,0,0.977,64.14803691275169
PDS5B,Q9NTI5,0,0,0.9836,80.45302695231517
PEA15,Q15121,0,0,0.6269,77.94969230769235
PER1,O15534,0,0,0.9842,52.08237984496129
PFKFB3,Q16875,1,1,0.8966,86.61001923076925
PFKL,P17858,0,0,0.5707,92.55434615384615
PGK1,P00558,0,0,0.6755,96.3754196642685
PGM1,P36871,0,0,0.6269,97.11564056939494
PHGDH,O43175,0,0,0.5992,92.92761726078804
PHLDA1,Q8WV24,0,0,0.999,62.53498753117205
PHLDA2,Q53GA4,0,0,0.9797,84.7757236842105
PIK3R3,Q92569,0,0,0.8085,80.64069414316695
PITPNB,P48739,0,0,0.6227,95.39575645756466
PLAT,P00750,0,0,0.6136,80.94871886120997
PLAU,P00749,0,0,0.5139,82.12399071925755
PLAUR,Q03405,0,0,0.6183,81.46653731343282
PLCB2,Q00722,0,0,0.9503,83.68718143459918
PLEK,P08567,0,0,0.5665,82.00417142857144
PLK1,P53350,0,0,0.8596,84.03386401326696
PLK2,Q9NYY3,0,0,0.9756,75.88762043795622
PLK4,O00444,0,0,0.892,65.61747422680415
PLOD2,O00469,0,0,0.5493,92.24994572591586
PLPP3,O14495,0,0,0.725,84.34958199356915
PLPPR4,Q7Z2D5,0,0,0.9519,55.885871559632996
PMAIP1,Q13794,0,0,0.9013,81.94407407407408
PMEPA1,Q969W9,0,0,0.9106,56.713101045296185
PML,P29590,0,0,0.987,70.12314058956918
PNO1,Q9NRX1,0,0,0.8623,77.3888095238095
PNP,P00491,0,0,0.5707,93.80816608996538
PNRC1,Q12796,0,0,0.9562,58.22162079510705
POLA1,P09884,0,0,0.8894,75.79981532147742
POLA2,Q14181,0,0,0.7672,84.76817725752521
POLB,P06746,0,0,0.7289,94.24910447761194
POLD1,P28340,0,0,0.9777,86.69678410117423
POLD3,Q15054,0,0,0.9787,63.0938197424893
POLD4,Q9HCU8,0,0,0.8596,84.76476635514015
POLE,Q07864,0,0,0.9711,79.7237051618547
POLE4,Q9NR33,0,0,0.9287,80.88820512820512
POLH,Q9Y253,0,0,0.8828,76.8954137447406
POLL,Q9UGP5,0,0,0.9725,80.38600000000011
POLQ,O75417,0,0,0.9396,59.33459073359071
POLR1C,O15160,0,0,0.6712,92.10971098265901
POLR1D,P0DPB6,0,0,0.6806,86.36834586466165
POLR1H,Q9P1U0,0,0,0.562,79.80801587301592
POLR2A,P24928,0,0,0.9733,75.98911167512672
POLR2C,P19387,0,0,0.8198,92.04545454545452
POLR2D,O15514,0,0,0.7595,91.25788732394365
POLR2E,P19388,0,0,0.7629,93.0758095238095
POLR2F,P61218,0,0,0.8966,78.4181102362204
POLR2G,P62487,0,0,0.6183,95.59738372093024
POLR2H,P52434,0,0,0.7718,84.24406666666671
POLR2I,P36954,0,0,0.5758,85.73159999999997
POLR2J,P52435,0,0,0.4409,94.22162393162392
POLR2K,P53803,0,0,0.8596,85.72275862068963
POLR3C,Q9BUI4,0,0,0.9381,89.03473782771532
POLR3G,O15318,0,0,0.9657,67.30582959641254
POLR3GL,Q9BT43,0,0,0.9684,71.40357798165135
POM121,Q96HA1,0,0,0.986,42.27725380304235
PPA1,Q15181,0,0,0.6851,96.17166089965389
PPARD,Q03181,0,0,0.9519,82.90018140589562
PPIA,P62937,0,0,0.6183,98.05963636363632
PPP1R15A,O75807,0,0,0.9927,49.464896142433254
PPP2R5B,Q15173,0,0,0.9534,86.05112676056339
PPP3R1,P63098,0,0,0.4864,91.1401764705882
PPT1,P50897,0,0,0.4441,91.67555555555559
PRC1,O43663,0,0,0.9039,78.94888709677411
PRDX1,Q06830,0,0,0.5707,97.18160804020098
PRF1,P14222,0,0,0.662,90.71445045045046
PRIM1,P49642,0,0,0.8085,92.69664285714285
PRIM2,P49643,0,0,0.8942,80.63178781925345
PRMT5,O14744,0,0,0.725,93.31131868131868
PRP4K,Q13523,0,0,0.9762,60.18081429990071
PSAT1,Q9Y617,0,0,0.4901,97.0680810810812
PSEN1,P49768,0,0,0.9433,72.13725910064238
PSEN2,P49810,0,0,0.9269,71.79274553571436
PSMA3,P25788,0,0,0.9057,94.48823529411766
PSMA4,P25789,0,0,0.8493,93.47375478927212
PSMB5,P28074,0,0,0.5342,82.37304182509503
PSMC2,P35998,0,0,0.805,80.53475750577368
PSMC4,P43686,0,0,0.5493,80.11150717703352
PSMC6,P62333,0,0,0.6576,86.8775064267352
PSMD12,O00232,0,0,0.6851,78.92083333333339
PSMD13,Q9UNM6,0,0,0.5807,70.76162234042557
PSMD14,O00487,0,0,0.7595,81.41674193548384
PSME3,P61289,0,0,0.562,87.34937007874015
PSMG1,O95456,0,0,0.9039,81.7265625
PSPH,P78330,0,0,0.6482,92.71928888888887
PTCH1,Q13635,0,0,0.9865,73.8860677263303
PTGER4,P35408,0,0,0.8162,70.87627049180331
PTGS2,P35354,0,0,0.6375,93.02205298013254
PTK2,Q05397,0,0,0.9711,74.5020247148288
PTPRE,P23469,0,0,0.9684,85.84657142857138
PTTG1,O95997,0,0,0.7672,63.1460396039604
PTTG3P,Q9NZH4,0,0,0.7595,61.90089108910892
PTX3,P26022,0,0,0.8013,76.71942257217846
PURA,Q00577,0,0,0.9039,78.16068322981364
QDPR,P09417,0,0,0.662,96.10372950819671
RAB1A,P62820,0,0,0.5951,84.6598048780488
RACGAP1,Q9H0H5,0,0,0.8421,70.17477848101258
RAD21,O60216,0,0,0.9865,61.21625990491284
RAD23B,P54727,0,0,0.9329,67.35281173594132
RAD51,Q06609,0,0,0.712,91.44206489675521
RAD52,P43351,0,0,0.9547,69.61212918660291
RAD54L,Q92698,0,0,0.7595,80.37248995983941
RAE1,P78406,0,0,0.7547,92.85160326086957
RALA,P11233,0,0,0.6576,89.32519417475726
RARA,P10276,0,0,0.9684,78.14800865800866
RASAL2,Q9UJF2,0,0,0.9346,65.94941176470583
RBL1,P28749,0,0,0.7951,71.72892322097381
RBM14,Q96PK6,0,0,0.9126,51.660642750373675
RBPJ,Q06330,0,0,0.9519,84.98906000000012
RBX1,P62877,0,0,0.5017,79.22018518518517
RCAN1,P53805,0,0,0.9362,73.79694444444446
RDH11,Q8TC12,0,0,0.494,91.93116352201254
REL,Q04864,0,0,0.8713,65.28481421647814
RELA,Q04206,0,0,0.9649,72.19050816696905
RELB,Q01201,0,0,0.9126,68.75031088082908
RETSAT,Q6NUM9,0,0,0.5992,95.14755737704913
RFC2,P35250,0,0,0.6806,86.67802259887004
RFC3,P40938,0,0,0.4766,87.48842696629211
RFC4,P35249,0,0,0.7036,82.04831955922867
RFC5,P40937,0,0,0.7547,90.45658823529415
RHOB,P62745,0,0,0.6089,92.22938775510204
RHOT2,Q8IXI1,0,0,0.725,88.74401294498372
RIGI,O95786,0,0,0.6269,85.16785945945945
RIPK2,O43353,0,0,0.8279,76.03248148148147
RIT1,Q92963,0,0,0.5382,87.13547945205477
RNASEL,Q05823,0,0,0.9777,91.54611336032384
RNF19B,Q6ZMZ0,0,0,0.9777,57.98786885245898
RNMT,O43148,0,0,0.8343,77.39197478991599
ROCK1,Q13464,0,0,0.8565,76.13419497784348
RPA1,P27694,0,0,0.8894,83.79668831168833
RPA2,P15927,0,0,0.8198,79.29048148148152
RPA3,P35244,0,0,0.5139,93.18661157024789
RPN1,P04843,1,1,0.7369,90.12103789126846
RPS6KA5,O75582,0,0,0.923,69.95624688279291
RRM2,P31350,0,0,0.7163,79.70591259640096
RRM2B,Q7LG56,0,0,0.892,85.451452991453
RRP9,O43818,0,0,0.9269,83.41172631578944
SAC3D1,A6NKF1,0,0,0.9733,83.242698019802
SAP30,O75446,0,0,0.8313,67.33077272727276
SAT1,P21673,0,0,0.3356,96.61280701754386
SATB1,Q01826,0,0,0.9885,65.2650851900393
SC5D,O75845,0,0,0.6269,91.7015384615385
SCD,O00767,0,0,0.5665,89.34952646239549
SDC4,P31431,0,0,0.8655,63.27318181818181
SDCBP,O00560,0,0,0.5577,83.01942953020135
SDF2L1,Q9HCN8,0,0,0.8279,88.3876923076923
SEC11A,P67812,0,0,0.391,90.76027932960895
SEC61A1,P61619,0,0,0.4051,72.93750000000003
SERP1,Q9Y6X1,0,0,0.712,76.8880303030303
SERPINB2,P05120,0,0,0.7331,85.49306024096389
SERPINB8,P50452,0,0,0.4652,91.07318181818182
SERPINE1,P05121,0,0,0.4864,88.90129353233836
SERPINH1,P50454,0,0,0.6712,91.13595693779905
SF3A3,Q12874,0,0,0.9013,86.22754491017967
SFPQ,P23246,0,0,1.0,67.65534653465343
SGK1,O00141,0,0,0.9308,79.74610208816702
SHMT2,P34897,0,0,0.7209,93.28863095238077
SKAP2,O75563,0,0,0.9269,73.96905292479109
SKP2,Q13309,0,0,0.7799,82.13334905660378
SLA,Q13239,0,0,0.8198,74.44782608695651
SLC12A2,P55011,0,0,0.977,73.14343234323427
SLC16A6,O15403,0,0,0.5665,76.41736137667309
SLC1A4,P43007,0,0,0.853,80.53921052631571
SLC20A1,Q8WUM9,0,0,0.7331,70.25957290132553
SLC2A1,P11166,0,0,0.5533,90.25552845528453
SLC2A3,P11169,0,0,0.6136,90.2935483870967
SLC2A6,Q9UGQ3,0,0,0.8741,81.63678500986194
SLC37A4,O43826,0,0,0.5342,85.79286713286712
SLC38A1,Q9H2H9,0,0,0.5901,79.8924024640657
SLC6A6,P31641,0,0,0.9126,86.82396774193556
SLC7A11,Q9UPY5,0,0,0.6661,85.58610778443108
SLC7A5,Q01650,0,0,0.6576,85.90323471400394
SMAD3,P84022,0,0,0.9039,83.61367058823527
SMAD5,Q99717,0,0,0.9577,80.90356989247312
SMAD7,O15105,0,0,0.8942,73.02166666666666
SMARCC1,Q92922,0,0,0.9927,65.77133936651576
SMC1A,Q14683,0,0,0.8894,82.80777777777779
SMC2,O95347,0,0,0.7755,83.18621553884714
SMC4,Q9NTJ3,0,0,0.9896,81.5367779503106
SNAPC4,Q5SXM2,1,1,0.9885,51.63688223281138
SNAPC5,O75971,0,0,0.9873,76.57734693877548
SNN,O75324,0,0,0.7036,65.70625
SNRPD1,P62314,0,0,0.9362,82.82260504201679
SOCS3,O14543,0,0,0.9396,71.88319999999999
SOD1,P00441,0,0,0.8235,97.92506493506485
SOD2,P04179,0,0,0.5533,93.18509009009006
SPHK1,Q9NYA1,0,0,0.8565,91.1359375
SPSB1,Q96BD6,0,0,0.5211,91.96919413919407
SPTAN1,Q13813,0,0,0.8013,76.66006472491905
SQLE,Q14534,0,0,0.8162,85.83581881533088
SQSTM1,Q13501,0,0,0.9634,67.24979545454549
SRD5A1,P18405,0,0,0.374,91.52853281853282
SRSF1,Q07955,0,0,0.9329,70.82193548387099
SRSF10,O75494,0,0,0.9744,60.99751908396947
SRSF2,Q01130,0,0,0.9744,64.32054298642538
SRSF6,Q13247,0,0,0.9792,62.58136627906973
SS18,Q15532,0,0,0.987,53.695454545454545
SSR1,P43307,0,0,0.9415,76.09709790209787
SSRP1,Q08945,0,0,0.9287,74.18076163610716
STAG1,Q8WVM7,0,0,0.9634,78.54001589825121
STARD4,Q96DR4,0,0,0.3149,95.90126829268294
STAT5A,P42229,0,0,0.7415,85.05552896725436
STC1,P52823,0,0,0.8375,78.87854251012142
STIL,Q15468,0,0,0.9634,53.7693861693862
STIP1,P31948,0,0,0.9816,89.7609576427256
STMN1,P16949,0,0,0.923,88.0089261744966
STX3,Q13277,0,0,0.712,83.30107266435989
SUPT4H1,P63272,0,0,0.3529,96.52641025641027
SUPT5H,O00267,0,0,0.9924,68.5896044158233
SURF1,Q15526,0,0,0.6906,81.38673333333338
SUV39H1,O43463,0,0,0.4801,88.4871601941748
SYNCRIP,O60506,0,0,0.9308,70.5478651685394
SYTL2,Q9HCH5,0,0,0.9762,57.72350107066383
TACC3,Q9Y6A5,0,0,0.9816,56.46847255369926
TAF10,Q12962,0,0,0.9039,66.90619266055049
TAF12,Q16514,0,0,0.8741,76.45111801242238
TAF13,Q15543,0,0,0.8872,82.46991935483868
TAF1C,Q15572,0,0,0.9703,64.52849252013824
TAF6,P49848,0,0,0.9875,63.43533234859683
TAF9,Q16594,0,0,0.9433,66.65037878787885
TANK,Q92844,0,0,0.7547,59.500117647058836
TAP1,Q03518,0,0,0.6906,78.48266042780746
TARBP2,Q15633,0,0,0.9151,74.67699453551916
TBK1,Q9UHD2,0,0,0.5707,89.69805212620022
TCEA1,P23193,0,0,0.8853,80.07033222591356
TCF7,P36402,0,0,0.9816,57.07953124999997
TENT4A,Q5XG87,0,0,0.9703,60.71285353535354
TES,Q9UGI8,0,0,0.7547,85.43741092636577
TFDP1,Q14186,0,0,0.9733,69.77185365853657
TFRC,P02786,0,0,0.708,86.71485526315796
TGFB1,P01137,0,0,0.8741,79.5887435897437
TGFB2,P61812,0,0,0.7289,80.10357487922711
TGFBR3,Q03167,0,0,0.9013,71.01326674500595
TGIF1,Q15583,0,0,0.9151,58.10441396508729
TIMP1,P01033,0,0,0.2988,89.61347826086958
TIMP2,P16035,0,0,0.5254,91.11195454545458
TIMP3,P35625,0,0,0.4766,87.00222748815166
TIPARP,Q7Z3E1,0,0,0.9677,68.68754946727556
TK2,O00142,0,0,0.8493,84.71581132075467
TLE3,Q04726,0,0,0.9744,67.57199481865287
TLR2,O60603,0,0,0.3774,87.94702806122451
TM7SF2,O76062,0,0,0.6576,93.83696172248798
TMED2,Q15363,0,0,0.6906,87.036567164179
TMEM97,Q5BJF2,0,0,0.2436,90.17107954545455
TMPO,P42166,0,0,0.9415,60.07994236311241
TNC,P24821,0,0,0.805,74.89321217628344
TNF,P01375,0,0,0.6531,84.55866952789697
TNFAIP2,Q03169,0,0,0.9396,85.31386850152897
TNFAIP3,P21580,0,0,0.9269,73.72864556962023
TNFAIP6,P98066,0,0,0.7629,81.1479422382671
TNFAIP8,O95379,0,0,0.6375,89.28969696969695
TNFRSF12A,Q9NP84,0,0,0.4119,73.21813953488372
TNFRSF9,Q07011,0,0,0.805,81.98109803921567
TNFSF10,P50591,0,0,0.725,81.69754448398578
TNFSF9,P41273,0,0,0.8235,76.63271653543303
TNIP1,Q15025,0,0,0.9875,70.9385534591195
TNIP2,Q8NFZ5,0,0,0.9725,80.97319347319359
TNPO2,O14787,0,0,0.9415,91.20634336677807
TOMM40,O96008,0,0,0.9547,78.36033240997236
TOP1,P11387,0,0,0.9711,80.36198692810461
TOP2A,P11388,0,0,0.9396,74.87482691051596
TP53,P04637,0,0,0.9875,75.0501272264631
TPI1,P60174,0,0,0.5665,96.6636546184739
TPX2,Q9ULW0,0,0,0.9211,63.602115127175345
TRA2B,P62995,0,0,0.9577,57.61868055555554
TRAF1,Q13077,0,0,0.9168,79.23052884615385
TRAIP,Q9BWF2,0,0,0.7369,74.93174840085292
TRIB1,Q96RU8,0,0,0.9126,76.56731182795698
TRIB3,Q96RU7,0,0,0.9106,77.08516759776529
TRIP10,Q15642,0,0,0.9822,79.7551247920133
TROAP,Q12815,0,0,0.9711,46.650475578406194
TSC22D1,Q15714,1,1,0.9887,42.507660764212446
TSG101,Q99816,0,0,0.8991,82.95907692307688
TSPO,P30536,0,0,0.422,66.31236686390528
TTK,P33981,0,0,0.7916,63.442158693115594
TUBA4A,P68366,0,0,0.9126,91.82747767857147
TUBB2A,Q13885,0,0,0.9381,92.3308539325843
TUBG1,P23258,0,0,0.5901,91.64738359201776
TXNIP,Q9H3M7,0,0,0.7629,78.69867007672642
TYMS,P04818,0,0,0.919,93.79565495207669
UBE2C,O00762,0,0,0.7547,88.56301675977653
UBE2D3,P61077,0,0,0.5055,96.37918367346931
UBE2S,Q16763,0,0,0.9126,80.68486486486486
UCHL5,Q9Y5K5,0,0,0.8313,90.25088145896657
UFM1,P61960,0,0,0.3948,91.63023529411768
UMPS,P11172,0,0,0.5577,92.13650000000004
UNG,P13051,0,0,0.9126,85.30466453674126
UPF1,Q92900,0,0,0.9562,72.76206377325073
UPF3B,Q9BZI7,0,0,0.923,65.82948240165634
USO1,O60763,0,0,0.9777,85.26390852390847
USP11,P51784,0,0,0.9751,78.26045690550359
VDAC2,P45880,0,0,0.4901,92.03329931972796
VEGFA,P15692,0,0,0.9854,63.906430379746844
VLDLR,P98155,0,0,0.6576,75.66107674685
VPS28,Q9UK41,0,0,0.5758,91.65579185520363
VPS37B,Q9H9H4,0,0,0.9346,75.28540350877194
VPS37D,Q86XT2,0,0,0.9925,79.94239043824707
WARS1,P23381,0,0,0.9577,91.60745222929941
WEE1,P30291,0,0,0.9885,65.32758513931898
WNT1,P04628,0,0,0.6806,85.88308108108109
WNT5B,Q9H1J7,0,0,0.5665,89.6335376044568
WNT6,Q9Y6F9,0,0,0.9593,83.01279452054794
XBP1,P17861,0,0,0.8623,68.28854406130267
XIAP,P98170,0,0,0.6482,74.25376257545267
XPC,Q01831,0,0,0.9751,66.5884893617021
XPO1,O14980,0,0,0.7547,91.43344537815126
YKT6,O15498,0,0,0.6322,90.90505050505053
YRDC,Q86U90,0,0,0.6806,82.56974910394261
YTHDC1,Q96MU7,1,1,0.9901,60.3431499312241
ZBTB10,Q96DT7,0,0,0.9937,48.89326061997707
ZC3H12A,Q5D1E8,1,1,0.9519,66.17267111853087
ZFP36,P26651,0,0,0.8713,62.05680981595088
ZNF707,Q96C28,0,0,0.853,69.23140161725071
ZWINT,O95229,0,0,0.9807,78.03678700361016
